id,player_id,extraction_date,season,team,team_date_joined,team_contract_expires,competition,salary,current_value,matches_played,matches_starts,minutes_played,playing_time_90s,assists,expected_assists,assists_90,expected_assists_90,goals_against,goals_against_90,shoots_on_target_against,saves,perc_saves,clear_scores,perc_clear_scores,penalty_against,penalty_saves,perc_penalty_saves,psxg,psxg_per_shoots,psxg_diference,launches_completed,launches_attempted,perc_launches_completed,passes_attempted,average_lenght_passes,goal_kicks_attempted,perc_goal_kicks_completed,average_lenght_goal_kick,opponent_crosses,opponent_crosses_stopped,perc_opponent_crosses_stopped,sweeper_opa,sweeper_opa_90,average_distance_sweeper,yellow_cards,red_cards
00527856-9e85-47ac-b508-e0e739ab8e3b,7a2bc270-5052-4e49-b9aa-4989d9cff9ae,2022-07-15,2021-2022,Granada,2018-07-01,2024-06-30,La Liga,0,1000000,4,3,284,3.2,0,0.0,0.0,0.0,6,1.9,14,10,71.4,1,33.3,2,0,0.0,4.2,0.19,-1.8,39,89,43.8,88,48.1,37,78.4,54.3,26,2,7.7,7.0,2.22,14.5,1,1
59100e9b-3839-42f0-be9f-236a73383cf6,551f123f-0797-4a75-baf7-e2aa624bc181,2022-07-15,2021-2022,Arsenal,2021-08-20,2025-06-30,Premier League,3748728,28000000,34,34,3060,34.0,0,0.0,0.0,0.0,39,1.15,122,84,72.1,12,35.3,5,0,0.0,33.4,0.24,-4.6,176,521,33.8,964,37.0,192,72.4,57.2,260,21,8.1,35.0,1.03,16.0,1,0
fc68418d-63ed-495e-9021-28df9eed446e,4d552477-b370-4a69-8b74-68810f7a14b0,2022-07-15,2021-2022,Genoa,2021-08-11,2025-06-30,Serie A,0,1500000,1,1,90,1.0,0,0.0,0.0,0.0,1,1.0,3,2,66.7,0,0.0,0,0,0.0,0.8,0.27,-0.2,10,24,41.7,30,42.3,7,85.7,54.6,6,0,0.0,0.0,0.0,12.1,0,0
5db6470d-0228-4d47-bc90-5a01dafa110e,9115f997-95fa-4340-9aa4-590c3f9cdc5e,2022-07-15,2021-2022,Levante,2018-07-23,2025-06-30,La Liga,0,2500000,13,13,1166,13.0,0,0.0,0.0,0.0,29,2.24,79,51,64.6,2,15.4,1,1,50.0,24.9,0.29,-4.1,73,174,42.0,290,40.2,91,44.0,36.4,111,5,4.5,11.0,0.85,16.3,1,1
0b9b57c1-a775-4ccc-b93c-6b23cb419429,999e1940-db92-4c42-ba72-0045b175aee7,2022-07-15,2021-2022,Nantes,2021-07-01,2024-06-30,Ligue 1,1020000,16000000,38,38,3420,38.0,0,0.0,0.0,0.0,48,1.26,150,106,70.7,8,21.1,4,3,42.9,46.0,0.27,-1.0,220,633,34.8,828,42.9,286,80.4,58.0,289,23,8.0,28.0,0.74,15.2,3,0
c675d53f-6470-4cf2-b8a0-2b199af35dc6,b1fcadd6-df61-42e1-a816-062d9aad0e3c,2022-07-15,2021-2022,Levante,1900-01-01,2022-06-30,La Liga,0,100000,1,1,90,1.0,0,0.0,0.0,0.0,1,1.0,2,1,50.0,0,0.0,0,0,0.0,0.4,0.19,-0.6,4,9,44.4,18,32.9,8,25.0,23.1,10,0,0.0,0.0,0.0,9.0,0,0
1e0ffafb-9ba4-43e0-95cf-01c8cab031b6,8d4e25d0-ed81-4a67-9044-0b0b711f698c,2022-07-15,2021-2022,Hellas Verona,2018-12-14,2023-06-30,Serie A,280000,50000,1,1,90,1.0,0,0.0,0.0,0.0,3,3.0,7,3,57.1,0,0.0,0,0,0.0,2.7,0.46,-0.3,5,20,25.0,23,43.3,7,100.0,58.7,4,0,0.0,0.0,0.0,12.2,0,0
ee9d09c4-5a2c-4ecb-a7bf-96bf5f1f6854,047f512e-0e43-446d-9a6f-4fcc2296eebe,2022-07-15,2021-2022,Cagliari,2014-07-12,2023-06-30,Serie A,1850000,10000000,35,35,3150,35.0,0,0.0,0.0,0.0,63,1.8,167,108,65.9,2,5.7,6,2,25.0,60.8,0.33,-1.2,335,765,43.8,899,44.0,315,73.0,50.8,293,22,7.5,19.0,0.54,14.9,3,0
3d6d988f-cf41-4e5f-b084-d99df5f261b2,aa874ca6-ac3e-4cf2-a120-c6b9715df2b0,2022-07-15,2021-2022,Southampton,2016-08-01,2025-06-30,Premier League,3026923,3000000,17,17,1530,17.0,0,0.0,0.0,0.0,27,1.59,71,43,62.0,5,29.4,0,0,0.0,24.8,0.36,-2.2,83,268,31.0,383,39.9,127,70.9,53.6,152,17,11.2,3.0,0.18,12.1,1,0
060b6091-b460-409f-ab04-a0d9d607cda2,3715591b-7f16-4522-ad67-7005856a4b55,2022-07-15,2021-2022,Napoli,2019-07-01,2023-06-30,Serie A,2780000,10000000,7,7,619,6.9,0,0.0,0.0,0.0,6,0.87,29,23,79.3,3,42.9,0,0,0.0,6.4,0.22,0.4,21,37,56.8,156,27.2,37,18.9,27.3,57,3,5.3,3.0,0.44,12.7,0,0
d480af7e-b6fd-4643-9ecb-25a219112f76,6e984382-0480-446e-8632-7ab2d451f5c6,2022-07-15,2021-2022,Real Sociedad,2019-07-01,2027-06-30,La Liga,2230000,22000000,35,35,3150,35.0,0,0.0,0.0,0.0,32,0.91,107,77,73.8,19,54.3,4,1,20.0,34.6,0.28,2.6,261,547,47.7,1009,36.3,242,58.3,47.8,305,22,7.2,37.0,1.06,15.8,1,0
127c66c6-e77b-4d09-b3aa-3fe1b59ab1b2,9c7fcf9b-8ee9-44db-890e-335384a0303f,2022-07-15,2021-2022,Monaco,2021-07-01,2023-06-30,Ligue 1,5000000,8000000,38,38,3420,38.0,0,0.0,0.0,0.0,40,1.05,135,106,76.3,11,28.9,8,0,0.0,43.5,0.27,6.5,197,472,41.7,846,35.9,278,55.8,46.0,275,10,3.6,20.0,0.53,14.7,1,0
f87bc665-ffc8-400c-a36f-bdca03165df6,cb0541e8-3e2c-4c71-95e4-b9e9ece591b2,2022-07-15,2021-2022,Hertha BSC,2020-08-04,2023-06-30,Bundesliga,880000,3000000,25,25,2175,24.2,0,0.0,0.0,0.0,51,2.11,120,73,61.7,4,16.0,5,0,0.0,48.0,0.37,-3.0,164,386,42.5,629,36.2,204,67.6,50.8,258,12,4.7,14.0,0.58,13.3,1,0
7da0dd4a-c825-4173-ad67-0bddff2a1f9d,4d929825-713b-49ed-baff-38a371960b4e,2022-07-15,2021-2022,Paris S-G,2020-09-25,2024-06-30,Ligue 1,0,400000,1,0,8,0.1,0,0.0,0.0,0.0,0,0.0,0,0,0.0,1,0.0,0,0,0.0,0.0,0.0,0.0,0,0,0.0,2,18.0,1,0.0,19.0,0,0,0.0,0.0,0.0,0.0,0,0
da3382dc-6eba-4eb5-942a-08ce7ef7c308,1084e29f-56bb-4372-825c-911a158feba1,2022-07-15,2021-2022,Metz,2018-07-01,2023-06-30,Ligue 1,0,1200000,21,21,1875,20.8,0,0.0,0.0,0.0,39,1.87,88,53,59.1,3,14.3,3,0,0.0,34.5,0.36,-2.5,157,363,43.3,421,44.9,168,79.2,58.2,178,29,16.3,26.0,1.25,16.4,2,1
47877ca1-96b5-4a98-a101-ce37eb5dbe1e,94e92059-7151-43ca-8fe2-53a4d7ec2222,2022-07-15,2021-2022,Rennes,2020-09-29,2025-06-30,Ligue 1,550000,8000000,25,25,2250,25.0,0,0.0,0.0,0.0,25,1.0,62,40,66.1,10,40.0,4,0,0.0,22.9,0.33,-1.1,155,333,46.5,630,34.4,151,69.5,51.9,239,16,6.7,16.0,0.64,14.7,1,0
d4e251ba-6592-442b-9e38-a08089f0436b,4544ccd6-de22-4ae7-848b-eca400e1228f,2022-07-15,2021-2022,Liverpool,2018-07-19,2027-06-30,Premier League,9080769,50000000,36,36,3240,36.0,1,0.4,0.03,0.01,24,0.67,97,73,75.3,20,55.6,0,0,0.0,27.2,0.28,4.2,187,345,54.2,1189,29.9,171,45.6,40.0,221,21,9.5,63.0,1.75,18.1,0,0
35729aed-d989-4378-955b-fdc142c9ee68,78150271-e447-4413-a2b0-986aef7f6d40,2022-07-15,2021-2022,West Ham,2022-07-01,2027-06-30,Premier League,7264615,8000000,1,1,90,1.0,0,0.0,0.0,0.0,1,1.0,3,2,66.7,0,0.0,0,0,0.0,1.2,0.39,0.2,8,28,28.6,27,49.7,14,71.4,53.2,13,1,7.7,0.0,0.0,7.0,0,0
1fc81d17-1bb0-4429-ae95-3412e2dd0339,0d13a2e5-9da7-448a-a39d-5b9707065858,2022-07-15,2021-2022,Brentford,2021-08-17,2024-06-30,Premier League,0,4000000,12,12,1080,12.0,0,0.0,0.0,0.0,24,2.0,67,46,65.7,1,8.3,1,0,0.0,24.7,0.36,2.7,82,247,33.2,417,38.6,83,56.6,41.0,123,7,5.7,10.0,0.83,14.3,0,0
0cbe3401-4e4d-4c9e-acc0-2e1af6d500d1,b48bc14a-26f8-4860-a710-54b03d4a217e,2022-07-15,2021-2022,Sassuolo,2014-09-01,2024-06-30,Serie A,1850000,1500000,37,37,3322,36.9,0,0.1,0.0,0.0,63,1.71,159,103,65.4,3,8.1,8,1,11.1,61.6,0.34,-0.4,259,543,47.7,1214,34.5,252,37.3,31.7,331,20,6.0,23.0,0.62,13.3,2,0
1a89e10c-4f33-4f95-b886-b053de110b8e,8c9d1cf2-d723-44d4-8fd7-5c6394b4e5f1,2022-07-15,2021-2022,Greuther Fürth,2022-01-10,2024-06-30,Bundesliga,0,900000,12,12,1080,12.0,0,0.0,0.0,0.0,24,2.0,61,37,62.3,3,25.0,1,0,0.0,20.1,0.32,-2.9,71,232,30.6,413,38.5,89,59.6,47.0,153,12,7.8,7.0,0.58,14.2,0,0
8aaf9058-9ade-41ee-b1d7-e9625851cf4b,8d503048-7ee8-45c9-b34b-79551bf0f7c4,2022-07-15,2021-2022,Union Berlin,2020-08-03,1900-01-01,Bundesliga,0,800000,27,27,2430,27.0,0,0.0,0.0,0.0,39,1.44,105,70,64.8,6,22.2,2,0,0.0,33.8,0.31,-2.2,184,516,35.7,779,40.3,219,63.0,46.4,243,16,6.6,16.0,0.59,13.6,3,0
66f163b9-8e53-436a-a8dc-19a10260f5d0,6d2ef416-8334-4ca4-baf9-c444f41da3e2,2022-07-15,2021-2022,Leverkusen,2021-07-10,2023-06-30,Bundesliga,1240000,2500000,1,1,90,1.0,0,0.0,0.0,0.0,1,1.0,2,1,50.0,0,0.0,0,0,0.0,1.0,0.5,0.0,4,9,44.4,43,25.3,6,66.7,53.5,13,1,7.7,2.0,2.0,13.3,0,0
6c0e691b-3b3a-4314-add8-5169a0922e01,e9237248-44e6-4c92-8940-b5180952a3dc,2022-07-15,2021-2022,Real Madrid,2018-07-01,2024-06-30,La Liga,2530000,2500000,2,2,180,2.0,0,0.0,0.0,0.0,2,1.0,7,6,85.7,0,0.0,1,1,50.0,3.7,0.29,1.7,9,16,56.3,57,24.0,25,36.0,30.4,25,1,4.0,0.0,0.0,10.4,0,0
5cf09628-4ca6-40e7-9722-813c57d1d187,d67a8aa2-4ef9-47ae-9666-27a65d7b6813,2022-07-15,2021-2022,Norwich City,2021-07-01,2025-06-30,Premier League,0,3000000,9,9,810,9.0,0,0.0,0.0,0.0,22,2.44,54,34,63.0,1,11.1,2,1,33.3,22.5,0.38,0.5,59,154,38.3,213,40.2,85,47.1,40.8,94,7,7.4,7.0,0.78,14.2,0,0
09dd442a-2960-485e-9de3-7ad3e6505f2e,41769c13-e702-4ba2-91fb-8ba02a197e94,2022-07-15,2021-2022,Lyon,2011-07-01,2025-06-30,Ligue 1,4800000,10000000,34,34,2982,33.1,0,0.0,0.0,0.0,45,1.36,146,106,71.2,8,23.5,3,1,25.0,42.2,0.27,0.2,165,334,49.4,907,32.1,220,31.4,33.4,245,11,4.5,23.0,0.69,15.1,1,1
f4093319-a115-4380-98fb-153a144c2ec9,35e21451-4145-49c5-889e-df857c06175e,2022-07-15,2021-2022,Angers,2017-09-13,2025-06-30,Ligue 1,0,1000000,10,10,900,10.0,0,0.0,0.0,0.0,14,1.4,45,32,68.9,2,20.0,0,0,0.0,13.7,0.31,0.7,42,151,27.8,189,44.7,86,57.0,47.0,122,5,4.1,3.0,0.3,12.7,0,0
ddf6ccc4-2162-4017-98e8-a3396caf7848,63a457b6-cc89-49ac-aec4-26ee937bc7c7,2022-07-15,2021-2022,Alavés,2017-07-19,2024-06-30,La Liga,0,1000000,4,3,277,3.1,0,0.0,0.0,0.0,4,1.3,15,12,80.0,1,33.3,1,0,0.0,4.6,0.24,0.6,32,75,42.7,66,50.2,40,72.5,56.3,43,6,14.0,2.0,0.65,12.5,1,0
c460f2c7-3ae7-4b8d-b1d8-04647b4bc1b4,5c4ccb30-6100-4748-a444-53fdf306a3b1,2022-07-15,2021-2022,Clermont Foot,2020-07-01,2025-06-30,Ligue 1,80000,1200000,15,15,1304,14.5,0,0.0,0.0,0.0,33,2.28,64,35,53.1,3,20.0,3,0,0.0,23.9,0.34,-8.1,39,146,26.7,302,33.8,112,44.6,36.8,87,3,3.4,5.0,0.35,12.3,0,0
9e9fdbc6-d5a4-40d6-bce8-0f83917d449c,4d600bc8-19b2-42e4-b338-df3f6f6c33b6,2022-07-15,2021-2022,Everton,2021-07-20,2023-06-30,Premier League,1094349,1000000,3,3,270,3.0,0,0.0,0.0,0.0,8,2.67,17,11,58.8,1,33.3,1,0,0.0,5.5,0.27,-1.5,21,68,30.9,53,54.2,31,83.9,58.1,23,3,13.0,0.0,0.0,12.9,0,0
22463c68-d06f-4ecb-a093-6e33776c738b,cc69a45a-9e5d-4dea-bb57-077096ff8286,2022-07-15,2021-2022,Fiorentina,2016-07-04,2023-06-30,Serie A,1480000,6000000,7,7,556,6.2,0,0.0,0.0,0.0,8,1.29,23,16,69.6,2,28.6,1,1,50.0,8.3,0.28,0.3,53,119,44.5,305,33.9,39,46.2,43.6,31,5,16.1,13.0,2.1,17.7,0,1
a834525d-b658-4325-9fd0-e5f7113f7a1e,60a151a8-11f9-4d0c-b0fb-0f1da02c329e,2022-07-15,2021-2022,Watford,2018-07-05,1900-01-01,Premier League,0,300000,26,26,2340,26.0,1,0.2,0.04,0.01,49,1.88,111,63,58.6,4,15.4,3,1,25.0,43.4,0.36,-4.6,227,666,34.1,644,51.4,225,92.0,65.2,265,16,6.0,24.0,0.92,15.1,0,0
f5218aac-7f34-481f-a3a8-b2ba4c6d0967,f49b981f-0f5d-4197-8510-b878ddd32c08,2022-07-15,2021-2022,Freiburg,2020-08-05,2023-06-30,Bundesliga,380000,500000,2,2,180,2.0,0,0.0,0.0,0.0,7,3.5,12,5,41.7,0,0.0,0,0,0.0,2.9,0.24,-4.1,26,53,49.1,70,38.2,20,100.0,65.1,14,1,7.1,2.0,1.0,13.1,0,0
e666d0dd-a366-425b-83ac-e2f44b382341,9477ea53-b29b-4d5b-9075-38d15019fd15,2022-07-15,2021-2022,Bordeaux,2017-07-01,1900-01-01,Ligue 1,0,1500000,25,25,2250,25.0,0,0.0,0.0,0.0,62,2.48,129,72,55.8,0,0.0,5,0,0.0,47.9,0.34,-13.1,217,482,45.0,682,39.8,217,70.5,51.2,196,13,6.6,26.0,1.04,16.9,1,0
a1535bf7-aa68-4def-98bf-e9778114efa0,c9c44fdc-c518-4fee-8412-104fc580887b,2022-07-15,2021-2022,Arsenal,2018-07-01,2023-06-30,Premier League,6053846,9000000,4,4,360,4.0,0,0.0,0.0,0.0,9,2.25,19,9,52.6,1,25.0,0,0,0.0,7.4,0.39,-1.6,16,53,30.2,74,37.1,37,67.6,49.8,48,2,4.2,1.0,0.25,12.9,0,0
68891748-261b-4160-85e9-985059948e87,48991f60-7f07-4ec9-8950-18fbdcf0472a,2022-07-15,2021-2022,Cagliari,2021-07-14,2025-06-30,Serie A,0,400000,3,3,270,3.0,0,0.0,0.0,0.0,5,1.67,15,11,73.3,1,33.3,1,1,50.0,5.9,0.31,0.9,26,69,37.7,75,45.1,28,82.1,54.2,29,1,3.4,1.0,0.33,11.9,0,1
8fbf0399-83c6-432d-8b0c-65e25b777af6,fb9536a5-74b3-4fed-b8dd-78382d4a3996,2022-07-15,2021-2022,Liverpool,2019-07-01,2026-06-30,Premier League,360902,8000000,2,2,180,2.0,0,0.0,0.0,0.0,2,1.0,8,5,75.0,1,50.0,0,0,0.0,2.6,0.32,0.6,8,16,50.0,77,26.3,13,15.4,26.3,11,0,0.0,3.0,1.5,16.4,0,0
76cfe118-dbd7-4571-9b75-548112459f7f,570a4b10-9809-48af-9c3e-a7335517ab76,2022-07-15,2021-2022,Levante,2021-01-01,2025-06-30,La Liga,0,1500000,24,24,2160,24.0,0,0.0,0.0,0.0,46,1.92,115,71,63.5,5,20.8,4,0,0.0,41.7,0.33,-4.3,113,326,34.7,526,40.1,193,43.0,38.7,235,12,5.1,15.0,0.63,13.9,3,0
12e1f9aa-ad06-4f60-abd2-c1765100efa4,0d0f32a1-8a42-4350-a59d-4bf906310695,2022-07-15,2021-2022,Juventus,2014-07-01,2023-06-30,Serie A,560000,400000,1,0,45,0.5,0,0.0,0.0,0.0,1,2.0,1,1,100.0,0,0.0,1,0,0.0,1.0,0.06,0.0,4,5,80.0,10,33.1,1,100.0,53.0,7,0,0.0,0.0,0.0,0.0,0,0
7639a266-cf2f-4313-805d-9486a44682dc,63da2970-bb6a-4f12-bdf4-6ee578efb16c,2022-07-15,2021-2022,Bayern Munich,2017-07-01,2025-06-30,Bundesliga,0,600000,1,0,10,0.1,0,0.0,0.0,0.0,0,0.0,0,0,0.0,0,0.0,0,0,0.0,0.0,0.0,0.0,0,0,0.0,3,22.3,0,0.0,0.0,0,0,0.0,0.0,0.0,16.0,0,0
cb855ac7-5e89-4e03-83ac-4de03f1c4f5d,ae6004e9-40e8-45d9-bc66-839a99b72cc5,2022-07-15,2021-2022,Milan,2020-09-11,2023-06-30,Serie A,1540000,600000,6,6,540,6.0,0,0.0,0.0,0.0,10,1.67,21,14,61.9,1,16.7,2,1,33.3,9.0,0.3,0.0,37,79,46.8,168,36.8,38,34.2,37.6,49,2,4.1,4.0,0.67,13.0,0,0
383f6f2c-ac6c-4776-add8-d6e123d13767,7212b2a3-3757-4242-9a66-a4145aa195fa,2022-07-15,2021-2022,Betis,2020-08-30,2023-06-30,La Liga,1600000,1000000,17,17,1456,16.2,0,0.2,0.0,0.01,19,1.17,55,39,67.3,5,29.4,1,0,0.0,19.9,0.35,2.9,114,286,39.9,409,44.3,98,65.3,51.1,164,4,2.4,8.0,0.49,13.4,2,0
42601989-1513-4899-8027-53a01e907c80,bce18823-7a54-4fb9-af5f-d98ae0079814,2022-07-15,2021-2022,Watford,2017-07-01,2024-06-30,Premier League,0,2500000,12,12,1080,12.0,0,0.0,0.0,0.0,28,2.33,69,45,63.8,0,0.0,3,0,0.0,23.8,0.31,-2.2,89,226,39.4,270,47.4,87,71.3,52.7,108,3,2.8,8.0,0.67,13.1,0,0
dcf2dc80-565d-4241-a2db-22ce27cda2d0,93d3ce39-8e00-441b-8535-c5e24605e846,2022-07-15,2021-2022,Udinese,2021-07-01,2023-06-30,Serie A,370000,400000,3,3,270,3.0,0,0.0,0.0,0.0,8,2.67,23,13,65.2,1,33.3,0,0,0.0,7.2,0.32,-0.8,13,43,30.2,89,31.0,22,50.0,40.5,38,3,7.9,1.0,0.33,12.1,0,0
8b9f34fd-148d-4d33-8096-31e991090e4e,276279d8-ec4f-4b31-996e-e3f6a246f91e,2022-07-15,2021-2022,Angers,2019-07-16,1900-01-01,Ligue 1,220000,1000000,15,15,1350,15.0,0,0.0,0.0,0.0,22,1.47,62,44,67.7,2,13.3,2,1,33.3,16.4,0.24,-3.6,52,155,33.5,340,32.3,120,43.3,38.7,133,12,9.0,10.0,0.67,12.5,1,0
e35c2a32-1d0c-4a93-aa53-2ca8df81c8fd,8df7a70d-ea33-43e4-959d-83f5e71b11cb,2022-07-15,2021-2022,Leicester City,2018-07-20,2025-06-30,Premier League,1210769,6000000,1,1,90,1.0,0,0.0,0.0,0.0,1,1.0,5,4,80.0,0,0.0,0,0,0.0,1.3,0.26,0.3,3,7,42.9,27,30.2,7,14.3,27.0,11,3,27.3,0.0,0.0,14.7,0,0
b7605a81-14d7-477e-84bb-9a0540e49577,f0f7037f-f591-4194-a84d-0773ecdc037f,2022-07-15,2021-2022,Manchester Utd,2011-07-01,2023-06-30,Premier League,22701923,15000000,38,38,3420,38.0,0,0.0,0.0,0.0,57,1.5,177,124,69.5,8,21.1,3,3,50.0,60.7,0.33,6.7,139,379,36.7,614,35.2,297,51.2,42.4,306,10,3.3,9.0,0.24,13.6,0,0
d9e6db46-5768-4859-9ef1-1d757c69642b,6d1050fe-443b-402b-adc2-cdb7f929f9cd,2022-07-15,2021-2022,Napoli,2019-07-04,2024-06-30,Serie A,0,5000000,31,31,2790,31.0,0,0.0,0.0,0.0,25,0.81,104,81,76.9,13,41.9,1,0,0.0,29.2,0.28,5.2,131,289,45.3,854,31.8,142,21.8,25.9,208,17,8.2,19.0,0.61,14.9,1,0
b5e7e642-8fd8-4871-b157-796b352707df,e3d5ef9f-9c00-45d3-b3d5-55b9e711221f,2022-07-15,2021-2022,Brentford,2019-07-06,2024-06-30,Premier League,1513462,22000000,24,24,2160,24.0,0,0.0,0.0,0.0,27,1.13,99,75,76.8,8,33.3,4,0,0.0,27.5,0.24,0.5,254,577,44.0,851,41.5,200,72.5,53.7,230,15,6.5,26.0,1.08,15.0,1,0
9fafb5f8-d324-4350-991d-b5028888ddc0,d9728196-dc13-448e-bc55-40711ae49917,2022-07-15,2021-2022,Getafe,2018-07-13,2023-06-30,La Liga,1510000,8000000,38,38,3414,37.9,0,0.0,0.0,0.0,41,1.08,130,89,70.0,14,36.8,2,1,33.3,37.8,0.27,-2.2,386,915,42.2,889,52.9,291,83.8,58.5,363,42,11.6,30.0,0.79,14.4,4,0
a7ede912-6003-4396-8834-0e5bf93bc40f,9ec5c51e-9c64-42d3-93fa-e8def4db36f9,2022-07-15,2021-2022,Napoli,2021-08-19,2023-06-30,Serie A,0,50000,1,0,11,0.1,0,0.0,0.0,0.0,0,0.0,1,1,100.0,1,0.0,0,0,0.0,0.5,0.45,0.5,0,0,0.0,1,10.0,0,0.0,0.0,0,0,0.0,0.0,0.0,0.0,0,0
4132ff2d-6f16-4d37-8602-31f2cac54bf7,3f0da337-6509-41b7-9651-b8038b1a74fc,2022-07-15,2021-2022,Eint Frankfurt,2021-07-01,2027-06-30,Bundesliga,200000,750000,1,1,90,1.0,0,0.0,0.0,0.0,1,1.0,4,3,75.0,0,0.0,0,0,0.0,0.9,0.22,-0.1,5,17,29.4,36,35.7,4,75.0,49.0,20,3,15.0,2.0,2.0,17.4,0,0
3cbca907-5ab8-4db9-b0cd-81c26c87e51e,4d5d72e8-37a5-4450-af61-45c97a29c265,2022-07-15,2021-2022,Getafe,2021-07-28,2024-06-30,La Liga,155000,300000,1,0,6,0.1,0,0.0,0.0,0.0,0,0.0,0,0,0.0,1,0.0,0,0,0.0,0.0,0.0,0.0,0,6,0.0,4,65.3,2,100.0,68.5,2,0,0.0,0.0,0.0,0.0,0,0
963e6e41-467f-4e70-a785-52f5b9f479c7,bdcf19c3-d7cf-4927-99e2-784c1dc880e4,2022-07-15,2021-2022,Espanyol,2017-07-01,2023-06-30,La Liga,0,500000,36,36,3177,35.3,0,0.0,0.0,0.0,49,1.39,152,106,69.7,10,27.8,3,0,0.0,45.4,0.28,-1.6,184,477,38.6,849,37.1,294,50.3,41.3,397,42,10.6,25.0,0.71,13.8,4,0
ec2d81ad-5916-449f-b720-2a4ab3fd718f,ea1ab22f-ae18-4e78-864f-0b3e174e3d8c,2022-07-15,2021-2022,Montpellier,2017-07-01,2025-06-30,Ligue 1,100000,1500000,11,9,833,9.3,0,0.0,0.0,0.0,20,2.16,53,36,66.0,2,22.2,2,0,0.0,18.4,0.31,-0.6,54,145,37.2,228,38.6,84,51.2,42.1,85,10,11.8,4.0,0.43,13.4,0,0
7017a16e-272e-4af7-8c46-8ff51df97789,f19439ed-34cf-44b2-a959-3577b0f0b457,2022-07-15,2021-2022,Rennes,2021-08-27,2026-06-30,Ligue 1,130000,3500000,12,12,1080,12.0,0,0.0,0.0,0.0,13,1.08,32,19,62.5,4,33.3,1,1,50.0,10.5,0.29,-2.5,64,161,39.8,322,33.5,70,84.3,57.7,108,5,4.6,14.0,1.17,15.2,1,0
3fd5afd9-c822-4292-9e8a-e904483cdfd9,5e90a0ef-9182-4379-b8b4-a9baf20a4e01,2022-07-15,2021-2022,Mallorca,2021-07-06,2026-06-30,La Liga,300000,2000000,1,1,90,1.0,0,0.0,0.0,0.0,3,3.0,6,3,50.0,0,0.0,0,0,0.0,1.1,0.19,-1.9,2,13,15.4,21,37.8,10,40.0,37.4,8,0,0.0,1.0,1.0,13.0,0,0
9dc90ac8-c354-4e89-a61c-c66158084216,352f4cb3-7a86-4d91-b932-c1ccb0e9e204,2022-07-15,2021-2022,Manchester City,2017-07-01,2026-06-30,Premier League,3935000,45000000,37,37,3330,37.0,0,0.1,0.0,0.0,26,0.7,83,56,69.9,20,54.1,1,0,0.0,23.8,0.28,-2.2,155,262,59.2,951,30.0,138,24.6,31.6,181,16,8.8,34.0,0.92,17.2,3,0
2457ff7c-4466-4e01-a458-451c0ecb3465,af98e256-7e6f-4f1c-979e-021ea41040f1,2022-07-15,2021-2022,Elche,2019-01-05,2023-06-30,La Liga,650000,3000000,24,24,2160,24.0,0,0.0,0.0,0.0,35,1.46,106,77,73.6,5,20.8,7,1,12.5,40.4,0.31,5.4,211,467,45.2,618,39.7,211,73.5,51.7,275,24,8.7,23.0,0.96,15.8,2,0
1b01f5cb-a791-4a2f-97e8-3215b85f78fa,14c9816c-72d8-4390-af65-3781a048c331,2022-07-15,2021-2022,Chelsea,2020-09-24,2025-06-30,Premier League,3143343,32000000,34,34,3060,34.0,0,0.0,0.0,0.0,31,0.91,95,70,73.7,14,41.2,6,0,0.0,29.6,0.26,-0.4,114,248,46.0,763,28.7,176,33.5,30.3,243,19,7.8,19.0,0.56,13.8,3,0
0301c0d5-13f0-4882-85ce-9ba5c5d751aa,f8ea0084-f93d-4c47-a0eb-0d1d7c0132d4,2022-07-15,2021-2022,Strasbourg,2018-08-29,2023-06-30,Ligue 1,370000,200000,1,1,90,1.0,0,0.0,0.0,0.0,0,0.0,1,1,100.0,1,100.0,0,0,0.0,0.0,0.02,0.0,1,4,25.0,24,28.4,7,28.6,32.3,8,0,0.0,0.0,0.0,13.2,0,0
bf969a68-de2c-4b99-a4ce-00a6fb3785ff,bcf29655-66fa-471a-ba4f-7b9dc620415f,2022-07-15,2021-2022,Sampdoria,2019-07-01,2026-06-30,Serie A,1480000,6000000,29,29,2560,28.4,0,0.4,0.0,0.01,48,1.69,131,85,64.1,5,17.2,1,1,50.0,43.0,0.32,-4.0,220,506,43.5,785,39.8,214,68.7,49.8,270,25,9.3,12.0,0.42,13.3,2,0
a62dc2d4-806b-4dbe-a247-80d3ea9f904d,a3294a5f-f70e-49e2-b9bf-e0e304a9fd2b,2022-07-15,2021-2022,Aston Villa,2020-09-16,2027-06-30,Premier League,2875577,28000000,36,36,3240,36.0,0,0.0,0.0,0.0,48,1.33,136,93,67.6,11,30.6,4,1,20.0,40.8,0.27,-5.2,205,491,41.8,807,38.7,274,46.4,40.0,282,17,6.0,25.0,0.69,14.0,4,0
85e6c333-46cc-40d1-bedf-9852639c4b49,2ccaef35-947f-4924-b6dd-31708cf797c1,2022-07-15,2021-2022,Saint-Étienne,2021-01-01,2025-06-30,Ligue 1,0,7000000,15,15,1197,13.3,0,0.3,0.0,0.02,27,2.03,67,43,61.2,1,6.7,1,0,0.0,20.6,0.29,-4.4,75,188,39.9,295,37.9,109,59.6,47.4,112,9,8.0,8.0,0.6,14.5,1,1
d6c7d9d9-329b-440c-8043-371c50e78940,4f659a38-c44f-41cb-9a2c-1724e26a1801,2022-07-15,2021-2022,Torino,2022-07-01,2024-06-30,Serie A,1850000,800000,10,10,900,10.0,0,0.0,0.0,0.0,8,0.8,38,31,84.2,4,40.0,2,1,33.3,10.3,0.22,2.3,52,197,26.4,243,43.8,77,84.4,60.5,83,8,9.6,6.0,0.6,14.5,1,0
89ee1407-d2cb-4eff-9fa8-0d74399ef0c8,275a6ef0-301e-41fb-accd-3b5d79196365,2022-07-15,2021-2022,Stuttgart,2019-07-01,2024-06-30,Bundesliga,490000,500000,4,4,360,4.0,0,0.0,0.0,0.0,7,1.75,24,17,70.8,0,0.0,0,0,0.0,6.9,0.29,-0.1,12,24,50.0,90,28.7,37,8.1,19.9,38,1,2.6,4.0,1.0,16.0,0,0
2a2dcf1f-e7dc-4a06-ac7c-8769f09f09c9,42e739f1-5d4c-4c81-9488-234790828840,2022-07-15,2021-2022,Alavés,2015-08-07,2023-06-30,La Liga,0,5000000,34,34,3053,33.9,0,0.3,0.0,0.01,60,1.77,139,83,60.4,6,17.6,5,3,37.5,54.3,0.35,-5.7,367,742,49.5,718,50.4,308,76.3,53.3,337,28,8.3,24.0,0.71,14.6,1,0
2e62c3d8-d50e-4f93-a5cc-f3b363197bac,cf405033-2a15-4ea2-8a47-b2525ed70405,2022-07-15,2021-2022,Mainz 05,2018-07-01,2023-06-30,Bundesliga,70000,1500000,2,2,180,2.0,0,0.0,0.0,0.0,3,1.5,4,2,50.0,0,0.0,1,0,0.0,2.3,0.39,-0.7,4,18,22.2,60,29.8,20,25.0,30.9,12,2,16.7,1.0,0.5,16.0,0,0
1c0c4154-3b5a-4664-9300-76137e2873a2,fb755ac1-455e-42a3-b7cb-71318a348195,2022-07-15,2021-2022,Stuttgart,2021-07-01,2025-06-30,Bundesliga,270000,5500000,30,30,2700,30.0,0,0.0,0.0,0.0,52,1.73,132,83,63.6,4,13.3,4,0,0.0,40.8,0.29,-10.2,140,290,48.3,771,29.9,241,34.9,32.9,288,15,5.2,29.0,0.97,14.8,0,0
cbf96051-f24c-4833-8b55-e8bc2814f634,de5d7780-7a9f-4c95-81dd-206427805635,2022-07-15,2021-2022,Bologna,2021-07-17,2023-06-30,Serie A,0,600000,2,2,177,2.0,0,0.0,0.0,0.0,2,1.02,9,7,77.8,1,50.0,0,0,0.0,3.3,0.36,1.3,9,25,36.0,37,37.5,13,46.2,38.8,14,2,14.3,0.0,0.0,10.6,0,0
c3bc6a32-7832-4880-8265-c4785651ac11,909130d0-3baa-4863-8aa5-a7009286b4e9,2022-07-15,2021-2022,Atalanta,2009-08-01,2023-06-30,Serie A,190000,100000,1,0,37,0.4,0,0.0,0.0,0.0,1,2.43,2,1,50.0,0,0.0,0,0,0.0,1.2,0.59,0.2,2,7,28.6,12,42.0,4,50.0,54.0,3,0,0.0,0.0,0.0,14.0,0,0
f05f8611-7597-43af-a96c-9412ce0674e9,41a1b35c-9f95-419a-b3f7-2a4c33e55622,2022-07-15,2021-2022,Southampton,2014-08-09,2024-06-30,Premier League,0,2000000,19,19,1710,19.0,0,0.0,0.0,0.0,35,1.84,98,67,66.3,3,15.8,2,0,0.0,31.8,0.31,-1.2,123,358,34.4,455,44.8,141,76.6,54.3,176,18,10.2,14.0,0.74,13.8,1,0
c25aae64-3554-4235-973e-d0975d78fac0,29bd103c-8d78-42b6-8a8d-f553d6aff220,2022-07-15,2021-2022,Newcastle Utd,2014-07-01,2025-06-30,Premier League,0,9000000,4,4,360,4.0,0,0.0,0.0,0.0,12,3.0,19,9,47.4,0,0.0,2,1,33.3,8.7,0.35,-3.3,22,71,31.0,80,43.3,43,65.1,52.0,33,2,6.1,0.0,0.0,11.6,0,0
32f53129-3a6c-48c2-85d3-740db098a83a,fa098db5-7ee8-4b88-9217-0febe133fe50,2022-07-15,2021-2022,Union Berlin,2021-07-20,2024-06-30,Bundesliga,700000,2000000,7,7,630,7.0,0,0.0,0.0,0.0,5,0.71,18,14,72.2,2,28.6,0,0,0.0,4.1,0.23,0.1,52,137,38.0,212,40.8,43,62.8,49.5,55,8,14.5,3.0,0.43,17.3,1,0
64badac2-8d2d-4464-b406-b68513de99db,49f08ece-3c06-4040-847d-8377db887c4e,2022-07-15,2021-2022,Bordeaux,2017-07-01,2023-06-30,Ligue 1,0,1000000,13,13,1170,13.0,0,0.0,0.0,0.0,29,2.23,56,31,51.8,2,15.4,2,2,50.0,23.6,0.36,-3.4,96,218,44.0,371,36.7,110,56.4,44.0,116,3,2.6,23.0,1.77,15.9,3,0
28b88e25-88c2-405e-8e57-06e04b9afdac,b7a047be-ca9b-4635-8021-dd5786208d92,2022-07-15,2021-2022,Troyes,2019-07-01,2024-06-30,Ligue 1,140000,2500000,31,31,2790,31.0,0,0.0,0.0,0.0,45,1.45,128,92,71.1,8,25.8,8,0,0.0,40.4,0.26,-2.6,217,512,42.4,815,38.3,246,58.1,42.9,283,19,6.7,16.0,0.52,13.0,2,0
8993a7da-39f7-46b3-936c-82e7cf023e60,d2d684d5-bb9a-49ea-9fc5-68776a16cd8c,2022-07-15,2021-2022,Villarreal,2020-09-04,2024-06-30,La Liga,5420000,6000000,32,32,2880,32.0,0,0.0,0.0,0.0,28,0.87,97,70,74.2,14,43.8,3,1,25.0,28.4,0.27,1.4,170,389,43.7,1072,33.8,209,44.0,40.5,306,27,8.8,31.0,0.97,15.5,2,0
ff3e2d6a-17b8-4d71-9226-0e87ed629df8,c3ab7cbd-1e3e-4685-bf95-c35b87a7cc71,2022-07-15,2021-2022,Sassuolo,2018-07-01,1900-01-01,Serie A,0,200000,1,0,8,0.1,0,0.0,0.0,0.0,0,0.0,1,1,100.0,0,0.0,0,0,0.0,0.1,0.14,0.1,0,0,0.0,0,0.0,1,0.0,17.0,1,0,0.0,0.0,0.0,0.0,0,0
962e86a4-d892-4e7d-875b-77322089cc6d,ad2819a9-9994-4414-80e1-f333b0492e24,2022-07-15,2021-2022,Sassuolo,2013-09-02,2023-06-30,Serie A,930000,100000,1,1,90,1.0,0,0.0,0.0,0.0,3,3.0,5,2,40.0,0,0.0,0,0,0.0,1.8,0.36,-1.2,6,10,60.0,26,31.0,8,25.0,25.6,12,0,0.0,0.0,0.0,12.8,0,0
9876b3ec-6c6d-4e0c-b808-a6a15b0e657d,867d6618-136d-41b9-9004-2899ae5d69d7,2022-07-15,2021-2022,Paris S-G,2021-07-14,2026-06-30,Ligue 1,18180000,50000000,17,17,1530,17.0,0,0.0,0.0,0.0,17,1.0,60,44,73.3,5,29.4,1,0,0.0,17.5,0.28,1.5,40,72,55.6,368,24.1,99,19.2,23.7,110,6,5.5,22.0,1.29,17.2,3,0
b3da3e1e-3e92-44ff-9118-d70c824adbf2,850107bd-1a46-4120-b93a-9797865a5c9a,2022-07-15,2021-2022,Valencia,2022-01-01,2024-06-30,La Liga,760000,10000000,18,18,1620,18.0,0,0.0,0.0,0.0,20,1.11,74,56,75.7,8,44.4,2,0,0.0,18.0,0.22,-2.0,140,338,41.4,348,46.8,147,81.0,59.0,170,15,8.8,16.0,0.89,14.6,2,0
8c8344f2-1956-4203-af1b-214206bc09f9,ca96d4b9-1d86-4fdd-8c49-45038648d0c4,2022-07-15,2021-2022,Dortmund,2021-07-01,2026-06-30,Bundesliga,750000,22000000,29,29,2565,28.5,0,0.0,0.0,0.0,39,1.37,105,71,65.7,7,24.1,3,0,0.0,35.8,0.32,-1.2,103,277,37.2,836,30.2,184,39.7,37.1,189,20,10.6,27.0,0.95,15.6,0,0
eff61098-8a21-41a6-a287-77e7effd32b4,eaddc4c3-24ad-4401-81c4-29cd2c6a6fe4,2022-07-15,2021-2022,Empoli,2022-07-01,1900-01-01,Serie A,1110000,10000000,38,38,3420,38.0,0,0.0,0.0,0.0,70,1.84,209,146,68.9,7,18.4,5,2,28.6,67.5,0.3,3.5,166,435,38.2,1066,32.2,257,45.5,39.6,405,35,8.6,20.0,0.53,13.5,1,0
9c4f1da1-640d-4b24-8379-6e2c8d63d4f7,ef9cbbea-43e3-4339-ac7f-48e58240e289,2022-07-15,2021-2022,Tottenham,2012-08-31,2024-06-30,Premier League,6053846,7000000,38,38,3420,38.0,0,0.5,0.0,0.01,40,1.05,133,95,71.4,16,42.1,2,0,0.0,38.5,0.28,-0.5,159,344,46.2,667,34.4,276,37.0,32.8,352,21,6.0,23.0,0.61,14.2,2,0
ef0edfad-25a4-46a6-8263-9513de684307,083c7889-36ca-442f-b4a9-0529aec6588b,2022-07-15,2021-2022,Inter,2019-07-12,2023-06-30,Serie A,1850000,3500000,1,1,90,1.0,0,0.0,0.0,0.0,2,2.0,3,1,33.3,0,0.0,0,0,0.0,1.5,0.52,-0.5,4,8,50.0,19,35.4,4,25.0,31.3,4,0,0.0,0.0,0.0,8.0,0,0
aeac4e96-7e7b-43f1-9383-1d47943b55c6,71b70950-5625-4078-be27-ce2c7753fadc,2022-07-15,2021-2022,Leeds United,2020-07-27,2026-06-30,Premier League,1327189,20000000,38,38,3384,37.6,0,0.0,0.0,0.0,79,2.1,215,139,65.6,5,13.2,5,0,0.0,70.2,0.31,-7.8,166,511,32.5,1090,32.9,287,43.9,38.9,245,21,8.6,37.0,0.98,14.7,2,0
b516ed87-a170-4374-929d-a48ea63373fc,f6ac7470-a061-4fc7-b766-edffab2f2fca,2022-07-15,2021-2022,Spezia,2020-10-05,2023-06-30,Serie A,560000,3500000,31,31,2761,30.7,0,0.0,0.0,0.0,52,1.7,155,112,72.3,7,22.6,9,1,10.0,51.7,0.29,2.7,269,697,38.6,956,45.7,230,72.2,53.9,273,21,7.7,21.0,0.68,14.3,2,0
7c47e34d-adbe-4bb3-a1c1-2501c5ab18dc,20e1f057-2475-4877-8943-87720e4d0803,2022-07-15,2021-2022,Lille,2021-08-19,2024-06-30,Ligue 1,860000,3500000,21,21,1890,21.0,0,0.0,0.0,0.0,28,1.33,88,63,70.5,2,9.5,2,0,0.0,27.2,0.29,0.2,110,287,38.3,419,38.7,164,61.0,46.2,203,21,10.3,13.0,0.62,14.5,3,0
608d1459-9ec6-475b-8e9b-3302805168d0,6646149f-a7db-4ece-ba41-618dcfc90587,2022-07-15,2021-2022,Hellas Verona,2020-09-01,2023-06-30,Serie A,190000,1000000,3,3,270,3.0,0,0.0,0.0,0.0,6,2.0,14,9,64.3,0,0.0,1,0,0.0,5.1,0.29,-0.9,14,26,53.8,53,36.8,15,40.0,34.2,9,1,11.1,0.0,0.0,12.3,0,0
00ec986a-3ca3-48ad-b3b8-65d424381c4b,98e2ccb5-1d60-4b9d-b775-2d6d81b8b340,2022-07-15,2021-2022,Crystal Palace,2020-10-16,2023-06-30,Premier League,2724231,1800000,9,8,765,8.5,0,0.0,0.0,0.0,13,1.53,28,17,53.6,1,12.5,0,1,100.0,11.2,0.37,0.2,33,104,31.7,213,31.9,66,53.0,43.7,83,5,6.0,6.0,0.71,13.6,0,0
fcafc873-edfe-4a27-98ad-8162b8313340,69380091-f456-4739-87cf-e0bf7f776ad8,2022-07-15,2021-2022,Atlético Madrid,2014-07-16,2023-06-30,La Liga,20800000,45000000,38,38,3420,38.0,0,0.0,0.0,0.0,43,1.13,96,62,62.5,12,31.6,7,1,12.5,33.9,0.28,-6.1,203,647,31.4,812,44.1,283,68.2,51.5,292,20,6.8,16.0,0.42,14.0,2,0
0c9bd84b-5eda-4228-b7cb-13726c4e7235,f98c3820-f124-4dff-a5a0-e922a7f3ab69,2022-07-15,2021-2022,Brighton,2018-07-01,2023-06-30,Premier League,966287,600000,1,1,90,1.0,0,0.0,0.0,0.0,2,2.0,5,3,60.0,0,0.0,0,0,0.0,1.2,0.25,-0.8,3,7,42.9,32,26.2,6,50.0,43.8,11,1,9.1,0.0,0.0,13.0,0,0
cbd790e3-1484-461c-a825-16f0aa7a23a4,f81104ce-4dc7-47c7-82cf-88ca68fcb23a,2022-07-15,2021-2022,Valencia,2019-07-01,2023-06-30,La Liga,3750000,3000000,17,17,1457,16.2,1,0.0,0.06,0.0,29,1.79,71,47,66.2,3,17.6,5,1,16.7,29.0,0.36,2.0,112,260,43.1,347,45.3,99,73.7,57.0,122,11,9.0,8.0,0.49,15.3,1,0
0b2e072c-c903-4a97-978d-6ab08e1ce4ec,9d9c0a50-1a3b-4d4d-8a3a-864f4f8a6802,2022-07-15,2021-2022,Valencia,2015-07-01,2023-06-30,La Liga,2110000,2000000,4,3,343,3.8,0,0.0,0.0,0.0,4,1.05,11,8,63.6,1,33.3,0,0,0.0,4.8,0.43,1.8,39,79,49.4,75,48.1,32,78.1,56.0,40,3,7.5,1.0,0.26,10.5,1,0
e01b8671-1430-46eb-8ce0-f7dee8b1bc79,da65f435-6185-4708-8a69-1297e40b29d4,2022-07-15,2021-2022,Sevilla,2019-07-01,2025-06-30,La Liga,0,500000,1,1,90,1.0,0,0.0,0.0,0.0,1,1.0,2,1,50.0,0,0.0,0,0,0.0,0.3,0.15,-0.7,5,10,50.0,30,31.9,3,66.7,50.3,12,1,8.3,1.0,1.0,25.0,0,0
3c32dd86-85af-43a6-9bb3-8c989a7b8ede,a191a647-c8b5-4c09-acc0-a7271e9b021d,2022-07-15,2021-2022,Lens,2018-07-01,2023-06-30,Ligue 1,340000,500000,27,27,2313,25.7,0,0.0,0.0,0.0,33,1.28,94,64,68.1,5,18.5,3,1,25.0,30.2,0.29,-2.8,119,282,42.2,536,34.7,197,40.1,35.7,210,23,11.0,16.0,0.62,13.6,3,1
d5812a46-e04c-4453-af33-26e7b9d047c5,436ffb0b-1d6e-44b7-8810-e272ae093135,2022-07-15,2021-2022,Aston Villa,2013-07-01,2023-06-30,Premier League,488965,600000,1,1,90,1.0,0,0.0,0.0,0.0,3,3.0,4,1,25.0,0,0.0,0,0,0.0,1.8,0.45,-1.2,5,13,38.5,30,34.4,6,66.7,53.8,8,1,12.5,1.0,1.0,14.3,0,0
957fb73f-7375-48af-b438-bb6be1e9e8d7,8ef31393-2233-4738-a8c8-f393de03ea08,2022-07-15,2021-2022,Eint Frankfurt,2021-07-19,2024-06-30,Bundesliga,350000,200000,1,1,90,1.0,0,0.0,0.0,0.0,2,2.0,4,2,50.0,0,0.0,0,0,0.0,0.7,0.17,-1.3,2,6,33.3,19,26.1,11,36.4,40.5,9,1,11.1,0.0,0.0,13.0,0,0
7f288b46-5668-4266-8890-820f6e034e80,c0078ad5-5824-448d-98b7-9ac5eb46256e,2022-07-15,2021-2022,Cádiz,2021-07-01,2025-06-30,La Liga,1280000,6000000,38,38,3420,38.0,0,0.0,0.0,0.0,51,1.34,159,117,74.8,13,34.2,11,2,15.4,52.1,0.26,1.1,302,834,36.2,846,52.1,310,83.5,64.2,368,33,9.0,23.0,0.61,13.7,4,0
3559b1ce-7b76-440a-910f-df93b0f4bba8,f4e72624-22ae-4d75-b867-1652bd33eb5b,2022-07-15,2021-2022,Spezia,2020-09-08,2024-06-30,Serie A,1280000,850000,7,7,630,7.0,0,0.0,0.0,0.0,19,2.71,40,22,55.0,0,0.0,1,1,50.0,17.5,0.39,-1.5,29,81,35.8,181,33.9,54,42.6,39.4,52,3,5.8,5.0,0.71,13.7,0,0
377d57b6-3a83-49dd-a249-0d44ca3e8341,da67084c-0b22-4cde-8e78-eb33780fe554,2022-07-15,2021-2022,Troyes,2021-07-19,2023-06-30,Ligue 1,200000,250000,7,7,630,7.0,0,0.0,0.0,0.0,8,1.14,21,15,71.4,1,14.3,2,0,0.0,8.0,0.31,0.0,35,100,35.0,160,39.0,77,45.5,39.6,69,6,8.7,5.0,0.71,13.8,3,1
76a6838d-f5b3-45bf-8c68-36cf6cee7dd5,9ef5de4e-db74-4f84-8065-479f219ae72d,2022-07-15,2021-2022,Alavés,1900-01-01,2024-06-30,La Liga,0,200000,1,1,90,1.0,0,0.0,0.0,0.0,1,1.0,4,3,75.0,0,0.0,0,0,0.0,0.7,0.16,-0.3,9,21,42.9,20,60.0,3,100.0,75.0,4,0,0.0,2.0,2.0,15.7,0,0
85e0076f-58dc-4c8d-9e58-2b179b4d1b2c,5c9e1eb8-ffd2-4a92-bb7f-f930316f4106,2022-07-15,2021-2022,Espanyol,2021-07-01,2025-06-30,La Liga,200000,400000,2,1,108,1.2,0,0.0,0.0,0.0,3,2.5,3,0,0.0,0,0.0,0,0,0.0,1.2,0.39,-1.8,4,12,33.3,31,31.4,2,100.0,71.5,11,2,18.2,2.0,1.67,18.6,0,0
89a24461-e0d6-4859-9309-3ced80a97c84,15e0001b-2e37-44db-82d3-2a4bbc46788e,2022-07-15,2021-2022,Wolves,2017-07-10,2023-06-30,Premier League,0,300000,2,1,135,1.5,0,0.0,0.0,0.0,3,2.0,7,4,57.1,0,0.0,0,0,0.0,2.3,0.33,-0.7,3,12,25.0,15,46.0,14,28.6,39.4,4,0,0.0,1.0,0.67,21.4,0,0
c8533a53-ba15-45bb-b775-8a8264e35252,26545f5a-291a-4b4a-8423-5b7395a1eb9e,2022-07-15,2021-2022,Brentford,2022-01-01,2025-06-30,Premier League,0,1000000,2,2,180,2.0,0,0.0,0.0,0.0,5,2.5,7,2,28.6,0,0.0,0,0,0.0,3.3,0.46,-1.7,13,30,43.3,49,38.9,13,30.8,34.2,14,0,0.0,4.0,2.0,19.8,0,0
e146fdce-9517-47be-a47c-aa2ff129e8a8,78569c46-ab96-4702-bb3b-783031ce9d72,2022-07-15,2021-2022,Montpellier,2020-08-15,2024-06-30,Ligue 1,840000,8000000,29,29,2587,28.7,0,0.0,0.0,0.0,41,1.43,153,115,75.2,8,27.6,3,1,25.0,41.2,0.25,0.2,165,383,43.1,818,33.3,265,44.5,39.9,305,24,7.9,17.0,0.59,13.9,0,1
9824fc13-9e36-4315-829b-06d42332f46e,58355bd2-f9d3-470b-9a65-2418808a4d24,2022-07-15,2021-2022,Everton,2017-07-01,2024-06-30,Premier League,6053846,20000000,35,35,3150,35.0,0,0.1,0.0,0.0,58,1.66,167,114,65.9,7,20.0,1,0,0.0,54.1,0.32,0.1,291,821,35.4,871,53.0,264,82.2,64.9,310,22,7.1,26.0,0.74,15.2,2,0
ebc43247-ce73-449b-bfd2-6bdf1548dab7,16ffa89a-ae7d-4ca8-a728-1c1892b4373d,2022-07-15,2021-2022,Wolves,2021-07-15,2026-06-30,Premier League,1734660,18000000,37,37,3285,36.5,1,1.0,0.03,0.03,40,1.1,150,120,79.3,11,29.7,9,0,0.0,48.2,0.27,9.2,166,486,34.2,830,39.3,259,51.0,42.7,315,34,10.8,40.0,1.1,15.3,3,0
54ccbbbc-9181-4f8c-a6d1-2d07f44b4270,db8b85e9-46fa-4d00-ade8-a72b07811dc5,2022-07-15,2021-2022,RB Leipzig,2020-07-15,2023-06-30,Bundesliga,0,2200000,1,1,90,1.0,0,0.0,0.0,0.0,3,3.0,4,1,25.0,0,0.0,0,0,0.0,1.9,0.48,-1.1,2,5,40.0,15,35.1,7,14.3,34.3,3,0,0.0,3.0,3.0,26.5,0,0
42617f61-0094-4c0c-926d-3da770992486,24bff829-c569-4f9a-8494-f51e80da2d5b,2022-07-15,2021-2022,Atalanta,2021-07-02,2025-06-30,Serie A,2960000,18000000,33,33,2932,32.6,0,0.0,0.0,0.0,42,1.29,116,79,66.4,8,24.2,3,0,0.0,35.0,0.28,-4.0,173,396,43.7,742,34.1,209,72.2,52.4,214,23,10.7,29.0,0.89,16.0,1,1
eab8d80f-7e4a-4da5-9eca-e479c69fbf03,4ca23b1e-8209-47c5-affe-013b9d802bc3,2022-07-15,2021-2022,Osasuna,2019-07-01,2024-06-30,La Liga,650000,600000,2,2,180,2.0,0,0.0,0.0,0.0,3,1.5,4,2,25.0,0,0.0,0,0,0.0,0.9,0.23,-1.1,8,31,25.8,33,49.6,9,88.9,65.2,12,1,8.3,3.0,1.5,17.2,0,0
b0f12a1b-ec72-4a29-a6cd-c4ff88bd6588,cbecff22-474b-40ec-a523-32642b665e6f,2022-07-15,2021-2022,Athletic Club,2022-07-01,2025-06-30,La Liga,580000,5000000,4,4,360,4.0,0,0.0,0.0,0.0,5,1.25,20,15,75.0,1,25.0,0,0,0.0,4.6,0.25,-0.4,10,31,32.3,56,36.8,26,38.5,38.3,35,2,5.7,5.0,1.25,17.3,0,0
cf0b38da-f4e3-4850-b5d3-bffbfee84cc4,74a8fc30-6fc5-4304-9fa3-8d4e72ef62fd,2022-07-15,2021-2022,Lyon,2020-09-18,2024-06-30,Ligue 1,1010000,800000,6,4,436,4.8,0,0.0,0.0,0.0,6,1.24,21,19,90.5,1,25.0,4,0,0.0,6.2,0.13,0.2,22,43,51.2,143,28.7,33,30.3,30.2,26,3,11.5,3.0,0.62,15.9,0,0
1de57cc7-ea8d-4885-86d9-3b5acc4d355e,b520df62-7b40-4c83-a3b3-7f9063f125b6,2022-07-15,2021-2022,Newcastle Utd,2014-08-09,2025-06-30,Premier League,1513462,2500000,8,8,720,8.0,0,0.0,0.0,0.0,15,1.87,37,25,64.9,0,0.0,2,0,0.0,10.6,0.24,-3.4,75,172,43.6,189,49.8,64,78.1,59.8,69,8,11.6,4.0,0.5,14.9,1,0
90b95c0b-90dd-4022-b9da-3630ba49b989,9bbd14db-5b2c-4fdd-b793-d5bac6ad654f,2022-07-15,2021-2022,Leicester City,2011-07-01,2023-06-30,Premier League,7870000,4000000,37,37,3330,37.0,0,0.0,0.0,0.0,58,1.57,176,125,71.0,7,18.9,7,2,22.2,56.3,0.29,-0.7,256,588,43.5,962,38.9,291,50.9,43.7,278,19,6.8,16.0,0.43,12.5,2,0
a83e6516-df8a-4207-8cdd-83cacf351eba,7f23e071-4f31-444c-bd15-e6e1072c194f,2022-07-15,2021-2022,Chelsea,2018-08-08,2025-06-30,Premier League,9080769,10000000,4,4,360,4.0,0,0.0,0.0,0.0,2,0.5,13,11,84.6,2,50.0,0,0,0.0,3.3,0.26,1.3,16,39,41.0,118,30.8,21,28.6,30.2,31,1,3.2,5.0,1.25,16.2,0,0
37197d67-bb2f-49ab-87cf-471fbd484e8e,70b01af6-40cb-4a77-8646-be90700565dc,2022-07-15,2021-2022,Eint Frankfurt,2019-08-07,2024-06-30,Bundesliga,2800000,7000000,32,32,2880,32.0,0,0.0,0.0,0.0,46,1.44,155,112,72.9,5,15.6,4,0,0.0,46.3,0.28,1.3,194,610,31.8,997,38.1,249,53.0,44.9,265,11,4.2,32.0,1.0,15.6,2,0
661e2f96-503c-4f79-816d-dcb57f9e5603,f424b53e-be3e-4eaa-90b7-51da04427663,2022-07-15,2021-2022,Paris S-G,2019-09-02,2024-06-30,Ligue 1,12000000,8000000,21,21,1856,20.6,0,0.0,0.0,0.0,18,0.87,76,60,78.9,8,38.1,2,0,0.0,18.4,0.22,0.4,45,84,53.6,413,27.0,139,11.5,22.4,155,8,5.2,11.0,0.53,13.4,0,1
bed2f04c-4d2d-4184-bb27-7564baec4f04,3b7abe2d-10b8-49e5-b6af-9b10e65fe38a,2022-07-15,2021-2022,Elche,2021-07-12,2023-06-30,La Liga,1944216,700000,14,14,1260,14.0,0,0.1,0.0,0.01,17,1.21,60,43,71.7,3,21.4,0,0,0.0,16.0,0.27,-1.0,96,249,38.6,346,40.4,135,55.6,43.7,130,7,5.4,11.0,0.79,15.4,3,0
11f557c8-8842-47a2-b678-5acbb7a8c868,9fda1a28-73c9-4b7a-91ae-cc34d121e76e,2022-07-15,2021-2022,Wolfsburg,2015-01-21,2024-06-30,Bundesliga,3400000,11000000,28,28,2520,28.0,0,0.0,0.0,0.0,40,1.43,111,74,66.7,10,35.7,3,2,40.0,40.3,0.33,0.3,216,436,49.5,881,35.6,201,51.7,44.0,250,18,7.2,21.0,0.75,13.9,1,0
62d9105a-5f03-4161-b558-c30df3d8c0af,19376728-3b48-478b-af5f-99cbbeea4a8c,2022-07-15,2021-2022,Leeds United,2021-07-31,2025-06-30,Premier League,663595,2000000,1,0,36,0.4,0,0.0,0.0,0.0,0,0.0,4,4,100.0,0,0.0,0,0,0.0,0.3,0.07,0.3,2,4,50.0,8,34.4,3,33.3,31.0,4,1,25.0,0.0,0.0,25.0,0,0
5503df83-73ac-432a-bf8c-f60d21cf32e6,91b5d554-d51c-4308-9a41-74d5656a62d4,2022-07-15,2021-2022,Leverkusen,2020-07-01,2023-06-30,Bundesliga,900000,1000000,1,1,90,1.0,0,0.0,0.0,0.0,2,2.0,6,5,66.7,0,0.0,0,0,0.0,1.1,0.19,0.1,4,17,23.5,36,32.1,9,66.7,47.9,8,0,0.0,0.0,0.0,7.9,0,0
8b3a3d97-5485-4a26-8b47-8f0ea5abe48c,440bedec-efdd-4961-a861-202421893908,2022-07-15,2021-2022,Lille,2019-07-13,2024-06-30,Ligue 1,500000,4000000,17,17,1530,17.0,0,0.0,0.0,0.0,20,1.18,62,46,74.2,8,47.1,4,1,20.0,16.0,0.21,-3.0,79,231,34.2,310,39.3,125,65.6,50.7,140,9,6.4,13.0,0.76,15.4,0,0
9ebdc018-340b-42ce-a915-0251ee2c81e3,3e6c594b-59bd-4414-9607-fec4c3f024da,2022-07-15,2021-2022,Mallorca,1900-01-01,2026-06-30,La Liga,0,300000,2,2,180,2.0,0,0.0,0.0,0.0,5,2.5,13,10,69.2,0,0.0,1,0,0.0,3.1,0.19,-0.9,12,32,37.5,53,39.7,16,43.8,38.7,21,2,9.5,3.0,1.5,17.0,0,0
cafc0831-26a9-4e59-9521-140c3d55ccf4,b644e28b-142a-4275-a388-57e40082fb9b,2022-07-15,2021-2022,Hellas Verona,2022-07-01,2025-06-30,Serie A,500000,4500000,34,34,3060,34.0,0,0.0,0.0,0.0,50,1.47,135,85,64.4,4,11.8,2,1,33.3,43.3,0.3,-4.7,230,640,35.9,748,46.9,232,68.5,49.3,311,16,5.1,13.0,0.38,13.4,1,0
3b6b0b5e-ce77-4288-bbd3-1f670e5770db,dca72ca6-ba76-4ea0-9a18-0f6b067f7389,2022-07-15,2021-2022,Torino,2019-07-01,2023-06-30,Serie A,0,300000,1,1,90,1.0,0,0.0,0.0,0.0,0,0.0,4,4,100.0,1,100.0,0,0,0.0,0.8,0.2,0.8,9,28,32.1,31,51.8,3,100.0,60.7,4,0,0.0,0.0,0.0,12.0,0,0
ba6125f8-e545-459d-bb31-78896fc6fd78,0db281e3-33dc-4d40-a22c-688c63e22f2e,2022-07-15,2021-2022,Venezia,2018-07-19,1900-01-01,Serie A,0,500000,6,6,495,5.5,0,0.0,0.0,0.0,9,1.64,39,30,76.9,0,0.0,0,0,0.0,11.6,0.31,2.6,30,70,42.9,155,32.9,42,42.9,34.9,57,2,3.5,2.0,0.36,11.4,2,0
a934d655-91c7-4c13-8638-1fa1d3ac98b4,984e1d48-d95e-4857-abcd-e5470ab252e4,2022-07-15,2021-2022,Rayo Vallecano,2020-10-05,1900-01-01,La Liga,0,2000000,8,8,645,7.2,0,0.0,0.0,0.0,13,1.81,37,24,64.9,0,0.0,0,0,0.0,12.0,0.32,-1.0,54,113,47.8,178,38.0,53,67.9,53.4,54,4,7.4,4.0,0.56,12.6,0,1
98abda9a-f910-422a-8d63-3c59f578e0b4,7e1726b1-53fe-473c-8318-f0dd8c9dcd13,2022-07-15,2021-2022,Salernitana,2022-07-01,1900-01-01,Serie A,1670000,1400000,16,16,1392,15.5,0,0.0,0.0,0.0,24,1.55,75,54,72.0,1,6.3,3,0,0.0,23.3,0.28,-0.7,169,342,49.4,438,46.3,127,63.0,48.2,149,5,3.4,9.0,0.58,14.0,2,0
7b9141b0-2aff-4b2f-9583-54da8dd0f26a,7b3895bc-152c-465f-88b3-2b3aac382115,2022-07-15,2021-2022,Granada,2021-08-17,2027-06-30,La Liga,0,12000000,34,34,3046,33.8,0,0.0,0.0,0.0,54,1.6,170,121,71.2,7,20.6,5,2,28.6,58.3,0.31,5.3,265,775,34.2,837,47.2,336,77.1,55.7,375,26,6.9,41.0,1.18,15.9,2,0
7c13ad88-1e7c-4598-a468-9aa4c929188a,4220a887-cd66-4532-aa9a-0f2ea12ef029,2022-07-15,2021-2022,Leverkusen,2018-07-01,2023-06-30,Bundesliga,2400000,5000000,32,32,2880,32.0,0,0.0,0.0,0.0,44,1.37,153,110,72.5,8,25.0,2,1,33.3,45.4,0.29,1.4,189,466,40.6,1045,34.3,216,45.4,39.4,241,14,5.8,25.0,0.78,15.1,1,0
b4571fe4-9e03-4409-93cc-939c055ff770,274c98b8-3e12-4b1f-bcf0-ba786fb8b00d,2022-07-15,2021-2022,West Ham,2018-07-01,2023-06-30,Premier League,3935000,1000000,37,37,3330,37.0,0,0.0,0.0,0.0,50,1.35,156,105,69.2,8,21.6,2,3,60.0,52.0,0.31,4.0,241,602,40.0,726,44.1,280,70.4,52.9,344,14,4.1,9.0,0.24,11.8,2,0
72c80cd6-3714-4730-b167-3d57532759b2,fc9e6566-6fa3-4cb3-a528-ec8e96ccad68,2022-07-15,2021-2022,Bologna,2018-07-01,2023-06-30,Serie A,1670000,4000000,36,36,3240,36.0,0,0.0,0.0,0.0,53,1.47,166,123,72.9,12,33.3,8,1,11.1,52.5,0.28,1.5,240,529,45.4,972,37.9,287,31.4,29.1,354,21,5.9,6.0,0.17,11.2,4,0
872231d3-94dc-479a-be6d-b8b490950c6a,3f994e80-1ed5-4538-978a-8e8cfcc81118,2022-07-15,2021-2022,Mallorca,2017-07-06,2024-06-30,La Liga,0,200000,21,21,1890,21.0,0,0.3,0.0,0.02,26,1.24,72,47,66.7,8,38.1,2,1,33.3,24.6,0.3,-0.4,145,381,38.1,457,46.1,183,62.8,47.7,219,15,6.8,11.0,0.52,14.4,5,1
9cf75b75-9f2e-4ec6-9cf5-68f1f5379c82,b75dc9e2-d2f8-4ebd-8323-1219531a5b3c,2022-07-15,2021-2022,Bayern Munich,2011-07-01,2024-06-30,Bundesliga,20000000,15000000,28,28,2510,27.9,0,0.0,0.0,0.0,26,0.93,89,64,71.9,10,35.7,1,0,0.0,24.8,0.27,-1.2,172,294,58.5,1072,30.7,166,14.5,27.5,191,12,6.3,41.0,1.47,19.8,0,0
1c7417e8-c149-44cb-b436-f82e2b350db6,930f0c3e-a355-4997-a4fa-1191bb210fb1,2022-07-15,2021-2022,Bochum,2015-07-01,2025-06-30,Bundesliga,1230000,1200000,31,31,2790,31.0,1,0.7,0.03,0.02,45,1.45,149,110,71.8,7,22.6,3,2,40.0,51.7,0.33,10.7,572,1158,49.4,1403,49.4,245,72.7,52.4,247,26,10.5,62.0,2.0,18.4,2,0
d06cfc8a-9232-4010-b8fe-c83b09ed70cd,b0196ba8-1d71-4d49-8b52-600ea16e98c4,2022-07-15,2021-2022,Barcelona,2014-07-01,2025-06-30,La Liga,9000000,30000000,35,35,3150,35.0,0,0.1,0.0,0.0,34,0.97,110,78,70.9,11,31.4,2,1,33.3,33.6,0.29,-0.4,211,355,59.4,1076,29.8,204,37.3,34.8,216,14,6.5,10.0,0.29,13.2,3,0
255b7491-feba-4ac5-916e-8f459236abbd,6cb7f0b6-a14d-4cb3-9094-3311e6015f7f,2022-07-15,2021-2022,Metz,2020-07-20,2024-06-30,Ligue 1,0,1200000,19,17,1542,17.1,0,0.0,0.0,0.0,30,1.75,85,56,67.1,5,29.4,2,0,0.0,30.1,0.34,0.1,114,294,38.8,298,43.3,163,89.0,62.7,142,5,3.5,8.0,0.47,14.1,1,0
65dbe189-300b-4b5e-8247-80cfcef23488,1145539d-90b5-481b-8ba7-a37951bac122,2022-07-15,2021-2022,Hertha BSC,2022-01-01,2024-06-30,Bundesliga,0,1300000,10,9,885,9.8,0,0.0,0.0,0.0,20,2.03,44,27,61.4,2,22.2,3,0,0.0,17.3,0.33,-2.7,77,205,37.6,268,45.5,74,73.0,55.9,91,8,8.8,7.0,0.71,13.6,1,0
dc9882fd-0ba3-4b8e-aa2c-5d96282de7e8,d9b3572f-f61b-4269-ba69-0925b9c4a6b1,2022-07-15,2021-2022,Nice,2022-07-01,2026-06-30,Ligue 1,20000,2000000,1,1,90,1.0,0,0.0,0.0,0.0,1,1.0,5,4,80.0,0,0.0,0,0,0.0,1.5,0.29,0.5,3,4,75.0,16,20.4,7,28.6,25.9,10,0,0.0,0.0,0.0,18.5,0,0
7e7407b0-9f90-44cb-9560-c8e2be6243af,88ff2749-2001-4325-9261-298f184c8e6e,2022-07-15,2021-2022,Brest,2021-08-04,2024-06-30,Ligue 1,850000,4500000,38,38,3420,38.0,1,0.3,0.03,0.01,57,1.5,169,117,68.6,7,18.4,4,0,0.0,49.0,0.28,-6.0,319,671,47.5,874,41.1,327,75.5,56.0,310,21,6.8,24.0,0.63,14.5,1,0
b1ff9651-1d85-46c7-820b-0ffc77aaf106,1072a7b5-d7b0-44fd-83fe-3973b45e48a4,2022-07-15,2021-2022,Udinese,2021-07-20,1900-01-01,Serie A,930000,5000000,35,35,3150,35.0,0,0.1,0.0,0.0,50,1.43,133,88,66.2,7,20.0,5,0,0.0,44.6,0.3,-4.4,185,485,38.1,696,41.0,250,50.8,41.1,254,13,5.1,5.0,0.14,11.8,1,0
fa207475-8730-40c5-826a-7d90897920bf,dbf4dc60-aa97-4bb7-b4a5-d1ad405853ae,2022-07-15,2021-2022,Atalanta,2012-06-22,2023-06-30,Serie A,1110000,1500000,5,5,450,5.0,0,0.0,0.0,0.0,5,1.0,16,12,81.3,2,40.0,2,0,0.0,5.3,0.22,0.3,18,45,40.0,104,28.7,28,75.0,52.5,24,2,8.3,5.0,1.0,12.2,1,0
46a50be9-3412-42af-a987-5c8321782f60,afa6abb4-73f9-4d9b-b65c-e5ce51c7f58f,2022-07-15,2021-2022,Greuther Fürth,2016-07-01,2025-06-30,Bundesliga,0,300000,8,8,720,8.0,0,0.1,0.0,0.02,30,3.75,52,26,46.2,0,0.0,2,0,0.0,24.4,0.44,-3.6,70,193,36.3,293,42.1,69,69.6,53.8,51,3,5.9,12.0,1.5,17.0,0,0
f49e056d-2957-4d53-9d56-84742dfec3e0,c0c9dcf3-78b9-4b2a-b516-137fb80bfc62,2022-07-15,2021-2022,Freiburg,2018-07-01,1900-01-01,Bundesliga,350000,7000000,32,32,2880,32.0,0,0.1,0.0,0.0,39,1.22,140,103,73.6,10,31.3,2,0,0.0,38.4,0.27,0.4,291,698,41.7,1094,42.6,241,76.3,62.8,290,18,6.2,30.0,0.94,15.7,0,0
fd5742df-12a8-4184-922b-29c8bb9af5b2,13b95098-6ea7-4dd0-a9cb-d0444b25ef4a,2022-07-15,2021-2022,Sevilla,2021-07-04,2025-06-30,La Liga,950000,5000000,6,6,540,6.0,0,0.0,0.0,0.0,5,0.83,18,13,72.2,4,66.7,0,0,0.0,5.3,0.3,0.3,28,63,44.4,191,32.3,33,36.4,36.6,51,4,7.8,9.0,1.5,17.2,0,0
183c4403-9780-4990-859d-36a08323fe8c,a08a0d9c-78ef-4b4f-a632-7d96f44ef275,2022-07-15,2021-2022,Newcastle Utd,2018-07-01,2025-06-30,Premier League,2305118,4000000,26,26,2340,26.0,0,0.1,0.0,0.0,35,1.35,106,71,67.9,8,30.8,1,0,0.0,38.1,0.36,4.1,222,524,42.4,608,41.1,237,92.8,64.8,211,17,8.1,9.0,0.35,12.7,1,0
ecd5f77a-7592-4449-92b2-f501bfefe178,bcc9f02b-4abb-4efe-a0d0-b6c6acf518cd,2022-07-15,2021-2022,Köln,2021-07-01,2024-06-30,Bundesliga,370000,4000000,21,21,1890,21.0,0,0.0,0.0,0.0,28,1.33,96,68,70.8,3,14.3,0,1,100.0,27.1,0.27,0.1,141,297,47.5,848,31.7,146,39.7,37.7,145,8,5.5,12.0,0.57,14.0,1,0
8043cca9-1854-452f-83a9-5c93aa21fdd8,2eb606c0-bdf3-42fa-b0d4-31541a04f566,2022-07-15,2021-2022,Dortmund,2018-07-01,2025-06-30,Bundesliga,2470000,1000000,5,4,405,4.5,0,0.0,0.0,0.0,12,2.67,23,13,56.5,0,0.0,2,0,0.0,9.5,0.34,-2.5,20,38,52.6,148,30.3,29,20.7,32.4,32,6,18.8,5.0,1.11,16.7,0,0
a97ccccf-722f-48f1-8425-548e728c4b33,ce1a796d-ca6b-413a-8781-f7fc3e0fffce,2022-07-15,2021-2022,Real Sociedad,2021-07-12,2023-06-30,La Liga,500000,5000000,3,3,270,3.0,0,0.0,0.0,0.0,5,1.67,15,11,73.3,1,33.3,1,0,0.0,5.0,0.28,0.0,20,58,34.5,88,42.2,19,68.4,49.3,36,4,11.1,1.0,0.33,14.2,0,0
eb8d9bde-616b-4d16-80de-3613f30e69bb,bc96d086-163e-4b93-8193-cbba9888e8c5,2022-07-15,2021-2022,Celta Vigo,2021-07-08,2025-12-31,La Liga,0,1000000,38,38,3420,38.0,0,0.1,0.0,0.0,43,1.13,128,91,69.5,14,36.8,4,4,50.0,47.0,0.32,6.0,349,859,40.6,1177,44.5,283,74.2,56.0,299,44,14.7,33.0,0.87,15.6,1,0
50c3ddd4-c051-4965-a41b-1f0b514a18e0,2834f5c7-5625-42e6-8c40-53703d299e3d,2022-07-15,2021-2022,Lorient,2020-07-12,2023-06-30,Ligue 1,220000,300000,16,16,1440,16.0,0,0.0,0.0,0.0,25,1.56,57,33,57.9,7,43.8,1,0,0.0,18.9,0.32,-6.1,85,229,37.1,287,39.9,134,73.1,50.8,146,7,4.8,5.0,0.31,13.4,0,0
d5eb64cb-ea31-4382-91da-42c6fc53db9d,a6cf2b02-158f-4bfd-85a7-80b5a4e57477,2022-07-15,2021-2022,Juventus,2018-07-01,2025-06-30,Serie A,2780000,4000000,5,5,405,4.5,0,0.0,0.0,0.0,7,1.56,16,10,56.3,1,20.0,0,0,0.0,5.8,0.36,-0.2,17,42,40.5,111,34.6,26,23.1,28.5,40,2,5.0,0.0,0.0,9.7,0,0
5b3697ff-b017-4ed7-a606-b0d6d451cb6b,ffc35455-386c-44cc-a059-40ef5234b954,2022-07-15,2021-2022,Strasbourg,2018-07-26,2024-06-30,Ligue 1,1080000,8000000,37,37,3330,37.0,0,0.0,0.0,0.0,43,1.16,125,86,68.8,13,35.1,4,0,0.0,39.6,0.3,-2.4,192,441,43.5,718,37.7,236,50.8,43.1,280,22,7.9,23.0,0.62,14.4,1,0
bb73ac47-4aea-4b1d-8e72-a63822cd008d,62ac3d1b-7f4e-440a-ba1f-eaf909840423,2022-07-15,2021-2022,Bochum,2021-07-01,2023-06-30,Bundesliga,1500000,400000,3,3,270,3.0,0,0.0,0.0,0.0,7,2.33,18,13,72.2,0,0.0,2,0,0.0,6.1,0.25,-0.9,22,74,29.7,104,40.3,30,73.3,48.9,29,0,0.0,1.0,0.33,11.3,0,0
ae9cfbee-dbf3-4370-bbd2-dc677c843339,119e5a46-4efb-449d-9234-f45797e30deb,2022-07-15,2021-2022,Milan,2021-07-01,2026-06-30,Serie A,3590000,35000000,32,32,2880,32.0,1,0.4,0.03,0.01,21,0.66,101,81,81.2,17,53.1,2,0,0.0,28.0,0.26,8.0,219,450,48.7,1002,36.7,148,44.6,40.7,211,26,12.3,26.0,0.81,15.3,1,0
f902bda5-2d36-4be7-ae3e-1b2ebeeec788,de795a76-b34a-4f13-867f-5fd489b52880,2022-07-15,2021-2022,Barcelona,2019-07-01,2023-06-30,La Liga,6000000,3000000,3,3,270,3.0,0,0.0,0.0,0.01,4,1.33,14,10,71.4,0,0.0,0,0,0.0,4.0,0.29,0.0,26,48,54.2,108,36.1,22,13.6,28.2,25,1,4.0,2.0,0.67,14.3,0,0
ea05b3f0-5810-4cab-945d-76290ce9bf5a,2ab52991-0b16-4757-bc2b-cd3335c9b839,2022-07-15,2021-2022,Burnley,2016-07-19,2026-06-30,Premier League,0,15000000,36,36,3240,36.0,0,0.2,0.0,0.01,47,1.31,159,116,73.6,9,25.0,5,0,0.0,50.4,0.3,4.4,319,847,37.7,793,52.8,285,93.0,65.9,375,36,9.6,63.0,1.75,18.2,1,0
056e098f-122f-4b6f-b99a-45ea2ad3065b,40749ccf-c1b5-43cd-b462-4212dc9d976f,2022-07-15,2021-2022,Bologna,1900-01-01,2024-06-30,Serie A,0,0,1,0,3,0.0,0,0.0,0.0,0.0,0,0.0,1,1,100.0,1,0.0,0,0,0.0,0.1,0.09,0.1,0,4,0.0,3,67.3,1,100.0,60.0,1,0,0.0,0.0,0.0,0.0,0,0
2f77863d-1e69-4766-8920-2d87ed3c3095,c26f8a38-c961-41b0-96e1-511d551628ab,2022-07-15,2021-2022,Sampdoria,2020-09-01,2024-06-30,Serie A,190000,200000,1,0,5,0.1,0,0.0,0.0,0.0,1,18.0,0,0,0.0,0,0.0,1,0,0.0,0.9,0.0,-0.1,2,4,50.0,2,58.0,2,100.0,66.0,0,0,0.0,0.0,0.0,0.0,0,0
1c627d47-41f4-46b1-8842-cbb2f4634380,1ccf97a5-20fb-4f4b-b128-9698baa80195,2022-07-15,2021-2022,Venezia,2021-02-15,2023-06-30,Serie A,560000,200000,17,16,1485,16.5,1,0.3,0.06,0.02,27,1.64,78,56,71.8,1,6.3,5,0,0.0,29.7,0.34,2.7,81,236,34.3,379,39.6,142,44.4,36.9,168,9,5.4,7.0,0.42,12.8,1,0
08756262-0c3a-4bf3-9962-02a5ca6f5ba3,5e7598ab-c2a0-4788-b933-554930ae5cf6,2022-07-15,2021-2022,Espanyol,2020-01-31,1900-01-01,La Liga,0,300000,2,1,135,1.5,0,0.0,0.0,0.0,1,0.67,7,7,100.0,1,100.0,1,0,0.0,2.9,0.28,1.9,10,29,34.5,33,42.5,10,100.0,60.4,19,0,0.0,0.0,0.0,9.0,0,0
8ae610a4-125f-4a1c-bb5b-6660b3102459,140dd010-bab8-4908-8238-6944ad71e118,2022-07-15,2021-2022,Hoffenheim,2014-07-01,2024-06-30,Bundesliga,3150000,4500000,33,33,2970,33.0,0,0.0,0.0,0.0,57,1.73,154,100,64.3,8,24.2,2,1,33.3,54.2,0.34,-1.8,168,453,37.1,1310,32.4,211,27.5,30.4,273,25,9.2,43.0,1.3,15.9,1,0
bd42a0c8-077b-498f-a643-e26ed4009313,1caca77d-6096-478f-949d-a8a74f5fcbc5,2022-07-15,2021-2022,Clermont Foot,2018-07-01,2025-06-30,Ligue 1,20000,1800000,24,23,2116,23.5,0,0.0,0.0,0.0,36,1.53,96,63,64.6,5,21.7,2,0,0.0,30.2,0.3,-3.8,116,342,33.9,579,37.3,155,61.3,43.8,184,15,8.2,18.0,0.77,14.6,1,0
515e54e3-8ea6-4b92-bdc0-40c9f4c8c19f,6e0fe878-bc47-4f4f-969b-706ad82fd16e,2022-07-15,2021-2022,Marseille,2022-07-01,2026-06-30,Ligue 1,3850000,12000000,29,29,2610,29.0,1,0.8,0.03,0.03,29,1.0,81,53,69.1,10,34.5,4,0,0.0,31.3,0.36,0.3,155,335,46.3,1162,29.3,163,38.7,36.6,171,27,15.8,29.0,1.0,16.6,4,0
edbab34a-6b36-464d-85e6-f49257da0e8e,37e646c6-69b4-4768-a3f8-457e8c995a27,2022-07-15,2021-2022,Angers,2022-01-05,2024-06-30,Ligue 1,1200000,7000000,13,13,1170,13.0,0,0.0,0.0,0.0,19,1.46,43,27,62.8,4,30.8,3,0,0.0,14.2,0.27,-4.8,55,122,45.1,239,35.2,98,44.9,40.5,134,17,12.7,7.0,0.54,14.5,0,0
00867254-0cba-449a-a6fe-30267999b559,37e646c6-69b4-4768-a3f8-457e8c995a27,2022-07-15,2021-2022,Saint-Étienne,2022-01-05,2024-06-30,Ligue 1,1200000,7000000,19,19,1710,19.0,0,0.0,0.0,0.0,33,1.74,87,57,67.8,3,15.8,5,0,0.0,31.9,0.32,-3.1,99,333,29.7,441,41.2,137,73.0,52.3,140,17,12.1,31.0,1.63,16.2,0,0
0e5f7bdd-e225-473c-8705-2f068dd866bc,23d40646-b578-4b7a-93a5-7fa0e3cb1da8,2022-07-15,2021-2022,Lorient,2019-07-23,2023-06-30,Ligue 1,580000,2000000,22,22,1980,22.0,0,0.0,0.0,0.0,38,1.73,88,56,61.4,4,18.2,4,0,0.0,31.7,0.32,-4.3,81,317,25.6,361,43.3,176,75.6,58.9,209,6,2.9,7.0,0.32,13.1,1,0
929f707c-7940-4599-ab2f-2f9ef006c785,e6657882-aef1-4f70-8c97-e47f779ac50e,2022-07-15,2021-2022,Wolfsburg,2018-07-01,2024-06-30,Bundesliga,800000,600000,6,6,540,6.0,0,0.0,0.0,0.0,14,2.33,36,23,63.9,1,16.7,1,0,0.0,8.0,0.2,-5.0,24,70,34.3,155,35.3,45,24.4,26.4,59,3,5.1,5.0,0.83,14.0,0,0
14b78315-5ca3-4151-b893-184185abaad2,c38ecbed-40d9-4a15-a0b7-980a28a34110,2022-07-15,2021-2022,Lazio,2020-09-01,2023-06-30,Serie A,3700000,700000,15,15,1350,15.0,1,0.3,0.07,0.02,29,1.93,56,30,55.4,2,13.3,4,0,0.0,24.2,0.37,-4.8,99,182,54.4,426,33.2,99,33.3,32.1,120,6,5.0,10.0,0.67,13.9,3,0
a58dad1c-dfd1-4102-ae79-f8a829bce91f,ede08fe2-192b-4ead-89a6-f135f26bacd4,2022-07-15,2021-2022,Spezia,2021-07-12,2024-06-30,Serie A,0,100000,1,0,29,0.3,0,0.0,0.0,0.0,0,0.0,0,0,0.0,0,0.0,0,0,0.0,0.0,0.0,0.0,1,4,25.0,7,39.9,3,33.3,31.3,2,0,0.0,1.0,3.1,21.8,1,0
25db90f6-d346-463b-8541-85b89199d903,a63be1f4-de82-428e-970e-26fbb8841da8,2022-07-15,2021-2022,RB Leipzig,2015-07-01,2025-06-30,Bundesliga,2600000,8000000,33,33,2967,33.0,0,0.0,0.0,0.0,34,1.03,107,77,71.0,10,30.3,3,0,0.0,34.6,0.31,1.6,154,371,41.5,973,32.3,199,39.2,35.9,223,8,3.6,43.0,1.3,17.9,1,0
d68caec6-e8f8-4030-a6e9-7497a6b5cf27,df3caa7e-449f-46b6-90cc-f7865b67cef1,2022-07-15,2021-2022,Hoffenheim,2019-07-01,2023-06-30,Bundesliga,160000,300000,1,1,90,1.0,0,0.0,0.0,0.0,3,3.0,7,4,57.1,0,0.0,0,0,0.0,2.3,0.33,-0.7,4,11,36.4,33,29.5,7,14.3,27.4,8,0,0.0,1.0,1.0,13.6,0,0
0d8fd089-fada-4905-b4fc-93fb546f77c1,d92c0c70-7bd1-4d21-8a90-4e0ba5112290,2022-07-15,2021-2022,RB Leipzig,2019-07-30,1900-01-01,Bundesliga,0,300000,1,0,3,0.0,0,0.0,0.0,0.0,0,0.0,0,0,0.0,1,0.0,0,0,0.0,0.0,0.0,0.0,0,2,0.0,5,40.2,0,0.0,0.0,0,0,0.0,0.0,0.0,0.0,0,0
de504cff-8d98-497b-b964-e1be34c75772,4e72b8f3-5f3b-4a07-83dd-764ccf2dbe9a,2022-07-15,2021-2022,Fiorentina,2019-07-07,2023-06-30,Serie A,560000,1500000,32,31,2862,31.8,0,0.0,0.0,0.0,43,1.35,95,56,56.8,9,29.0,2,1,33.3,35.4,0.35,-5.6,279,557,50.1,1353,35.6,170,40.0,35.8,187,18,9.6,28.0,0.88,15.7,0,0
af1ebbc7-e4da-4b15-90ae-0580405250a3,d58a07e2-4e34-475c-8bdc-d6915a1678cf,2022-07-15,2021-2022,Reims,2019-07-01,2023-06-30,Ligue 1,720000,9000000,38,38,3420,38.0,0,0.0,0.0,0.0,44,1.16,152,114,74.3,11,28.9,5,1,16.7,41.9,0.25,-1.1,206,549,37.5,976,38.7,283,49.8,41.4,396,34,8.6,42.0,1.11,15.8,3,0
09ac1411-2313-4017-9b98-b079cf697272,52b21abb-7624-43c5-b2e3-23e209b43d58,2022-07-15,2021-2022,Augsburg,2020-07-01,2023-06-30,Bundesliga,540000,1200000,34,34,3060,34.0,0,0.1,0.0,0.0,56,1.65,152,100,66.4,9,26.5,5,0,0.0,52.5,0.32,-1.5,261,655,39.8,955,40.5,285,66.3,50.6,308,20,6.5,34.0,1.0,15.9,0,0
0df4bbe5-ca39-4055-94af-4c2ea1703fe5,03524d3b-12d0-4f2b-93d3-d58015e8ef1a,2022-07-15,2021-2022,Brighton,2020-07-01,2025-06-30,Premier League,605385,16000000,37,37,3329,37.0,0,0.4,0.0,0.01,42,1.14,140,100,72.1,11,29.7,3,0,0.0,43.2,0.29,1.2,196,618,31.7,1269,37.6,231,68.8,54.1,317,37,11.7,30.0,0.81,13.9,3,1
eac53cc3-3106-44a9-871d-5ad1abd0ecdc,4df71c31-fc12-4389-b442-72a38c30ab2e,2022-07-15,2021-2022,Aston Villa,2022-07-01,1900-01-01,Premier League,1164201,2000000,1,1,90,1.0,0,0.0,0.0,0.0,3,3.0,5,2,40.0,0,0.0,0,0,0.0,2.6,0.52,-0.4,11,32,34.4,28,45.9,20,70.0,54.0,12,1,8.3,0.0,0.0,9.7,0,0
52fc93e4-cd1d-4767-bf77-3ddf0400eda9,00a9df81-3106-4922-a7b0-2c7795f19079,2022-07-15,2021-2022,Mainz 05,2014-07-01,2025-06-30,Bundesliga,520000,5000000,32,32,2880,32.0,0,0.0,0.0,0.0,42,1.31,115,78,67.0,10,31.3,4,1,20.0,39.4,0.31,-1.6,147,431,34.1,762,38.1,235,49.4,43.3,252,23,9.1,48.0,1.5,17.2,1,0
02143f9b-e1e4-4ba6-b36e-3180072b9c19,f47a0341-0c13-41cc-a96b-9bb025c1f5e6,2022-07-15,2021-2022,Rennes,2019-07-01,2024-06-30,Ligue 1,690000,400000,1,1,90,1.0,0,0.0,0.0,0.0,2,2.0,3,1,33.3,0,0.0,0,0,0.0,1.0,0.32,-1.0,6,9,66.7,29,35.3,3,0.0,13.3,6,1,16.7,1.0,1.0,14.5,0,0
5a9cfef9-7dc0-4bba-af93-7a0542de1999,d9f27a80-ffe2-4f28-8c7f-d481d1bc7e4d,2022-07-15,2021-2022,Dortmund,2015-07-01,2025-12-31,Bundesliga,9200000,1500000,1,1,90,1.0,0,0.0,0.0,0.0,1,1.0,0,0,0.0,0,0.0,1,0,0.0,0.9,0.0,-0.1,2,9,22.2,20,33.2,3,66.7,44.3,3,0,0.0,1.0,1.0,19.4,0,0
cd54460c-99f6-4f18-9432-1396c2da9091,ff490dbe-a08b-4437-ac01-c49cbe5d0247,2022-07-15,2021-2022,Roma,2021-07-13,2024-06-30,Serie A,3460000,6000000,38,38,3420,38.0,0,0.4,0.0,0.01,43,1.13,141,103,73.0,15,39.5,5,1,16.7,39.6,0.24,-1.4,204,442,46.2,850,36.7,221,38.0,35.0,245,5,2.0,18.0,0.47,13.2,2,0
dc694018-a7d2-4224-84b0-7c7a2a316df7,3832ceed-8980-46eb-b304-ddfe618042f3,2022-07-15,2021-2022,Betis,2021-07-01,2026-06-30,La Liga,155000,15000000,22,21,1964,21.8,0,0.0,0.0,0.0,21,0.96,72,52,73.6,8,38.1,2,0,0.0,22.0,0.28,1.0,130,323,40.2,548,37.0,176,54.0,44.6,207,11,5.3,20.0,0.92,14.1,2,0
cffe4ceb-47f1-40a4-9ef3-ff4aa1c4970d,27fe3c7c-132f-4d00-9129-b7d33c1b19f9,2022-07-15,2021-2022,Genoa,2021-08-03,1900-01-01,Serie A,0,1500000,37,37,3330,37.0,0,0.0,0.0,0.0,59,1.59,175,119,68.6,10,27.0,4,1,20.0,52.3,0.29,-4.7,291,678,42.9,935,40.8,269,68.0,46.9,302,13,4.3,12.0,0.32,12.5,0,0
7bd3c538-5050-4663-8a91-b189dd71b45a,f716e906-9053-4a59-8335-c2fc07044d83,2022-07-15,2021-2022,Inter,2012-07-09,2023-06-30,Serie A,4630000,2000000,37,37,3330,37.0,0,0.0,0.0,0.0,30,0.81,121,94,78.5,15,40.5,4,0,0.0,31.6,0.24,2.6,206,382,53.9,1114,30.5,145,29.0,30.1,253,15,5.9,4.0,0.11,12.2,1,0
ee1982c3-3593-48d1-9a6f-0a633cfddf17,0f38f99b-25c8-4243-9dab-62770af6e749,2022-07-15,2021-2022,Greuther Fürth,2016-07-01,1900-01-01,Bundesliga,0,400000,14,14,1260,14.0,0,0.1,0.0,0.01,28,2.0,69,44,63.8,3,21.4,3,0,0.0,22.4,0.3,-3.6,127,346,36.7,439,45.6,116,82.8,57.8,141,8,5.7,19.0,1.36,16.6,0,0
3ca3842a-a3a6-4332-8210-c654f5098ad2,ea97da11-7ad3-4bf6-9718-c94e5ba485d1,2022-07-15,2021-2022,Villarreal,2014-07-01,2024-06-30,La Liga,0,4000000,6,6,540,6.0,0,0.0,0.0,0.0,9,1.5,27,19,70.4,0,0.0,1,0,0.0,9.1,0.31,0.1,28,64,43.8,166,32.0,56,33.9,36.4,73,5,6.8,8.0,1.33,14.8,1,0
0e04f2a1-4c7a-4488-a039-5814d679210d,37c07615-8403-4a2f-bcd2-734ce40a19bc,2022-07-15,2021-2022,Osasuna,2017-07-12,2026-06-30,La Liga,950000,8000000,36,36,3240,36.0,0,0.0,0.0,0.0,48,1.33,136,92,67.6,12,33.3,4,3,42.9,44.8,0.3,-2.2,411,881,46.7,844,53.0,303,87.5,62.4,370,21,5.7,43.0,1.19,15.6,3,0
77115767-e59a-44dd-99b0-c28afc61de63,26a13d51-ffdf-404f-9d42-8a34e2fdc46f,2022-07-15,2021-2022,Mallorca,2020-09-05,2024-06-30,La Liga,0,4000000,14,14,1260,14.0,0,0.0,0.0,0.0,29,2.07,52,28,50.0,1,7.1,3,1,25.0,22.4,0.37,-4.6,104,213,48.8,268,44.6,91,68.1,51.4,127,6,4.7,4.0,0.29,12.2,0,0
c6c97b2f-35a6-4436-8572-b2313e162e5c,26a13d51-ffdf-404f-9d42-8a34e2fdc46f,2022-07-15,2021-2022,Paris S-G,2020-09-05,2024-06-30,Ligue 1,0,4000000,1,0,23,0.3,0,0.0,0.0,0.0,1,3.91,3,2,66.7,0,0.0,0,0,0.0,1.1,0.41,0.1,2,3,66.7,8,32.3,0,0.0,0.0,4,0,0.0,1.0,3.91,18.3,0,0
ccd0617c-89e5-41e8-80a3-68c6ecdcc2cc,43b417d0-443e-403a-ab73-64fd9aded72c,2022-07-15,2021-2022,Venezia,2021-10-12,1900-01-01,Serie A,0,700000,16,16,1440,16.0,0,0.2,0.0,0.01,33,2.06,99,74,72.7,3,18.8,6,0,0.0,31.6,0.28,0.6,119,266,44.7,449,38.1,141,46.8,39.3,159,11,6.9,8.0,0.5,12.1,2,0
c28b1ef2-6df8-4caf-8855-4bf7ec414b3e,aa652961-6019-417f-baeb-96401d17d84b,2022-07-15,2021-2022,Saint-Étienne,2019-07-01,2025-06-30,Ligue 1,0,1800000,7,4,510,5.7,0,0.0,0.0,0.0,13,2.29,27,16,59.3,0,0.0,2,0,0.0,13.4,0.43,0.4,33,86,38.4,141,34.7,44,68.2,50.2,53,1,1.9,9.0,1.59,15.7,0,0
9e50a490-270b-4eaa-ab58-211b9c1b6cd7,03c9087f-18c9-4cd2-b501-f70603f15624,2022-07-15,2021-2022,Arminia,2017-07-01,2025-06-30,Bundesliga,0,6000000,33,33,2970,33.0,0,0.4,0.0,0.01,53,1.61,172,124,73.3,6,18.2,7,0,0.0,58.4,0.31,7.4,471,980,48.1,1447,44.4,311,61.1,49.6,307,12,3.9,35.0,1.06,15.8,1,0
f33f5e99-adcd-4762-bfa4-2892e4a5cdf2,244bb3d7-77df-4a66-8409-b4c01b21e325,2022-07-15,2021-2022,Arminia,2021-08-12,2023-06-30,Bundesliga,0,700000,1,1,90,1.0,0,0.0,0.0,0.0,0,0.0,4,4,100.0,1,100.0,0,0,0.0,1.5,0.37,1.5,8,19,42.1,21,41.1,10,80.0,51.2,22,0,0.0,1.0,1.0,14.8,0,0
4bbd9d37-13e5-4059-8ad0-16860ea866db,ee52c830-e41d-4dca-b4c9-cfde977a60d8,2022-07-15,2021-2022,Marseille,2017-07-11,2024-06-30,Ligue 1,3600000,1500000,9,9,810,9.0,0,0.0,0.0,0.0,7,0.78,26,19,73.1,5,55.6,0,0,0.0,5.4,0.21,-0.6,54,124,43.5,332,32.0,64,42.2,40.4,81,6,7.4,13.0,1.44,18.6,0,0
6071f23a-f184-4873-8b21-fce158fb2e92,add9a8e3-e7be-4376-9a93-26bdca780592,2022-07-15,2021-2022,Rayo Vallecano,2019-01-31,2024-06-30,La Liga,700000,3000000,31,30,2772,30.8,0,0.0,0.0,0.0,37,1.2,116,86,74.1,9,30.0,7,2,22.2,39.0,0.27,3.0,207,611,33.9,726,47.5,229,77.3,58.1,251,24,9.6,17.0,0.55,12.9,0,0
7d22c13c-ac82-49e5-9009-ec077be84170,9dd95137-1563-43c4-8fe2-8b5a28d29a3a,2022-07-15,2021-2022,Bayern Munich,2021-07-01,2023-06-30,Bundesliga,2500000,900000,6,6,540,6.0,0,0.0,0.0,0.0,11,1.83,23,14,56.5,1,16.7,1,0,0.0,9.4,0.37,-0.6,24,54,44.4,198,27.7,38,13.2,21.7,39,5,12.8,8.0,1.33,19.4,0,0
f430cd73-3fc8-4d7d-857e-012ddf50783b,84b9f49f-532d-4bae-94a6-8b1b4b50a020,2022-07-15,2021-2022,Real Madrid,2018-08-09,2026-06-30,La Liga,11820000,60000000,36,36,3240,36.0,0,0.0,0.0,0.0,29,0.81,116,88,76.7,16,44.4,2,1,33.3,33.9,0.27,4.9,114,306,37.3,929,31.2,210,41.9,39.1,312,27,8.7,21.0,0.58,14.2,1,0
334e9625-852a-4286-8308-6af362e4cf6e,c30ec5c1-c739-454f-a6e7-d4483efb7f4b,2022-07-15,2021-2022,Lazio,2013-01-31,2026-06-30,Serie A,0,7000000,23,23,2070,23.0,0,0.1,0.0,0.0,29,1.26,87,58,67.8,7,30.4,1,0,0.0,27.1,0.3,-0.9,108,213,50.7,610,30.9,121,24.0,25.5,182,9,4.9,7.0,0.3,15.0,2,0
1f7a619c-74c4-42aa-a046-f9520bb5ba0b,c1f4353e-23a7-4a9f-8791-e758b74f80c9,2022-07-15,2021-2022,Norwich City,2018-07-24,2024-06-30,Premier League,0,2000000,29,29,2610,29.0,0,0.4,0.0,0.01,62,2.14,158,101,65.2,5,17.2,7,1,12.5,56.1,0.32,-3.9,191,495,38.6,833,39.4,224,54.5,45.4,256,10,3.9,10.0,0.34,12.5,1,0
6d5ac542-0bc3-4771-9069-598bdf3d0915,c2076ecf-6f8c-4406-9b00-58cf02c73f40,2022-07-15,2021-2022,Köln,2011-07-01,2023-06-30,Bundesliga,2500000,2000000,13,13,1170,13.0,0,0.0,0.0,0.0,21,1.62,55,35,61.8,1,7.7,0,0,0.0,18.3,0.34,-1.7,90,185,48.6,437,35.6,83,37.3,37.4,90,3,3.3,12.0,0.92,15.9,0,0
fa9c4f32-0d33-491e-bd03-5c6321c4bbe4,2d5b0fb0-8f62-4c75-b462-527d32e73fb7,2022-07-15,2021-2022,M'Gladbach,2015-07-01,2023-06-30,Bundesliga,440000,400000,1,1,90,1.0,0,0.0,0.0,0.0,1,1.0,3,2,66.7,0,0.0,0,0,0.0,0.1,0.04,-0.9,8,15,53.3,42,33.5,5,60.0,56.2,12,0,0.0,0.0,0.0,14.4,0,0
9622d676-c897-4a81-91a6-8302e6b86842,9d66db72-5b47-441c-9fb3-d86f8ab9b131,2022-07-15,2021-2022,Athletic Club,2018-07-01,2025-06-30,La Liga,4350000,25000000,34,34,3060,34.0,0,0.0,0.0,0.0,31,0.91,106,74,73.6,12,35.3,3,0,0.0,29.9,0.26,-0.1,179,416,43.0,691,37.4,242,51.2,44.0,372,23,6.2,23.0,0.68,15.2,3,0
694f5959-593b-45f5-8bfa-b44dfa8bf488,8aff1974-04c6-43ad-852e-87780270f25a,2022-07-15,2021-2022,Torino,2017-07-01,2024-06-30,Serie A,740000,2500000,27,27,2430,27.0,0,0.0,0.0,0.0,33,1.22,73,47,64.4,4,14.8,7,1,12.5,27.5,0.29,-5.5,224,701,32.0,860,50.9,171,91.2,70.7,150,10,6.7,15.0,0.56,14.1,3,0
ea4523fa-01c8-4e66-b251-d6034bb61d1f,5314a337-c629-4ac7-8fc5-3c90b4a2e240,2022-07-15,2021-2022,Crystal Palace,2018-07-01,2023-06-30,Premier League,4656805,1500000,30,30,2655,29.5,0,0.0,0.0,0.0,33,1.12,113,83,73.5,11,36.7,3,0,0.0,29.4,0.24,-3.6,165,364,45.3,773,33.0,199,45.2,37.2,216,16,7.4,17.0,0.58,14.5,2,0
63ae6d6f-9e31-46db-a003-c918e9c8f2e8,4a9abeab-bea2-4949-b76b-e6aa793894eb,2022-07-15,2021-2022,Salernitana,2020-09-25,2025-05-31,Serie A,0,500000,23,21,1938,21.5,0,0.0,0.0,0.0,49,2.28,129,84,64.3,1,4.8,3,1,25.0,39.3,0.28,-7.7,151,354,42.7,400,44.2,179,73.7,52.9,214,10,4.7,8.0,0.37,12.8,1,0
0550f083-a305-4bd0-bb89-eb8a679715ac,b4541fc5-97b6-4d36-bfec-727718da09d1,2022-07-15,2021-2022,Salernitana,2021-08-06,2025-06-30,Serie A,0,300000,1,1,90,1.0,0,0.0,0.0,0.0,5,5.0,8,3,37.5,0,0.0,0,0,0.0,2.6,0.33,-2.4,11,19,57.9,20,41.3,11,81.8,53.3,7,1,14.3,0.0,0.0,10.0,0,0
8460e3ad-76d2-4447-afcc-9fea1fd37cfb,52e2e048-b2d1-46ea-9a2e-3efe1da1cc44,2022-07-15,2021-2022,Nice,2016-07-01,2025-06-30,Ligue 1,0,14000000,37,37,3330,37.0,0,0.0,0.0,0.0,35,0.95,138,107,77.5,14,37.8,4,1,20.0,39.8,0.26,4.8,172,423,40.7,771,33.9,260,56.9,44.7,313,15,4.8,22.0,0.59,14.2,2,0
9698dfa1-8ec3-4eac-a804-6b3320755b5b,f21d8f4a-8efd-4555-b7ae-69f3e8eb9a3d,2022-07-15,2021-2022,Burnley,2021-07-20,2024-06-30,Premier League,0,500000,2,2,180,2.0,0,0.1,0.0,0.06,6,3.0,13,7,53.8,0,0.0,0,0,0.0,4.2,0.34,-0.8,26,65,40.0,59,57.8,21,95.2,69.9,20,1,5.0,3.0,1.5,15.9,0,0
68110aa9-3580-4cd1-9271-7b5e8eb7fd1b,c4707f24-40e0-4b4b-93e9-fd38ec54afc4,2022-07-15,2021-2022,Southampton,2021-12-06,2023-06-30,Premier League,1036139,250000,2,2,180,2.0,0,0.0,0.0,0.0,5,2.5,11,6,54.5,0,0.0,0,0,0.0,4.3,0.4,-0.7,20,39,51.3,46,42.1,13,92.3,59.1,21,1,4.8,4.0,2.0,21.7,1,0
d297505c-47cf-475e-b1ba-04449185e691,8742a22f-2a4f-49aa-8721-30a4b907eb76,2022-07-15,2021-2022,Sampdoria,2014-01-21,2025-06-30,Serie A,0,3000000,10,9,855,9.5,0,0.0,0.0,0.0,14,1.47,53,41,75.5,2,22.2,1,0,0.0,15.7,0.28,2.7,65,168,38.7,284,36.7,74,71.6,49.1,108,9,8.3,1.0,0.11,11.9,2,0
b262ac20-5fbd-44c7-8228-4c34eb7347fd,461844c5-9915-4a7c-a644-54c722cf5080,2022-07-15,2021-2022,Juventus,2017-07-19,2024-06-30,Serie A,12040000,15000000,33,33,2970,33.0,0,0.1,0.0,0.0,29,0.88,101,75,74.3,12,36.4,3,3,50.0,32.1,0.28,3.1,170,342,49.7,838,34.0,177,35.0,33.3,315,21,6.7,14.0,0.42,13.0,2,0
c89b9607-17cc-4892-9aee-3b77d52aad55,3e68c5eb-652f-4630-8a86-5f957d7667f3,2022-07-15,2021-2022,Lens,2021-07-01,2024-06-30,Ligue 1,470000,4000000,13,11,1105,12.3,0,0.0,0.0,0.0,15,1.22,42,28,66.7,3,27.3,1,0,0.0,11.4,0.25,-3.6,34,95,35.8,222,32.6,81,19.8,25.1,98,3,3.1,13.0,1.06,15.0,0,0
da2ba12c-da27-4bbf-bf78-3b12b04d6585,fa8d481c-a63f-4790-9247-f0dd901bcaa1,2022-07-15,2021-2022,M'Gladbach,2014-07-01,2023-06-30,Bundesliga,2200000,5000000,33,33,2970,33.0,1,0.3,0.03,0.01,60,1.82,175,116,67.4,5,15.2,3,2,40.0,64.0,0.34,5.0,227,561,40.5,1235,34.8,224,47.3,40.9,251,16,6.4,36.0,1.09,15.6,2,0
d32e39be-3126-40cf-b6f6-8f2bbc6e6252,d456b36d-3909-4fd0-ad2e-ffa39244769e,2022-07-15,2021-2022,Sevilla,2020-09-04,2025-06-30,La Liga,1660000,18000000,31,31,2790,31.0,2,0.6,0.06,0.02,24,0.77,98,75,77.6,13,41.9,2,1,33.3,28.8,0.27,4.8,187,429,43.6,832,35.8,240,57.9,46.1,244,20,8.2,16.0,0.52,14.2,2,0
8efba476-a898-4a57-afe1-137f602ca3cf,4c89c86e-225e-4b3d-87e6-a33d72ca5381,2022-07-15,2021-2022,Manchester City,2019-07-09,2025-06-30,Premier League,2784769,6000000,1,1,90,1.0,0,0.0,0.0,0.0,0,0.0,2,2,100.0,1,100.0,0,0,0.0,0.3,0.16,0.3,4,9,44.4,31,26.0,7,28.6,25.3,7,0,0.0,2.0,2.0,17.5,0,0
