scrapes.PlayerFbrefGK.id,scrapes.PlayerFbrefGK.fb_player_id,scrapes.PlayerFbrefGK.fb_player_name,scrapes.PlayerFbrefGK.fb_season,scrapes.PlayerFbrefGK.fb_nation,scrapes.PlayerFbrefGK.fb_pos,scrapes.PlayerFbrefGK.fb_team,scrapes.PlayerFbrefGK.fb_comp,scrapes.PlayerFbrefGK.fb_born,scrapes.PlayerFbrefGK.fb_playing_time_MP,scrapes.PlayerFbrefGK.fb_playing_time_starts,scrapes.PlayerFbrefGK.fb_playing_time_min,scrapes.PlayerFbrefGK.fb_playing_time_90s,scrapes.PlayerFbrefGK.fb_Gls,scrapes.PlayerFbrefGK.fb_Ast,scrapes.PlayerFbrefGK.fb_G_minus_PK,scrapes.PlayerFbrefGK.fb_PK,scrapes.PlayerFbrefGK.fb_PKatt,scrapes.PlayerFbrefGK.fb_CrdY,scrapes.PlayerFbrefGK.fb_CrdR,scrapes.PlayerFbrefGK.fb_Gls_90,scrapes.PlayerFbrefGK.fb_Ast_90,scrapes.PlayerFbrefGK.fb_G_plus_A_90,scrapes.PlayerFbrefGK.fb_G_plus_A_minus_PK,scrapes.PlayerFbrefGK.fb_xG,scrapes.PlayerFbrefGK.fb_npxG,scrapes.PlayerFbrefGK.fb_xA,scrapes.PlayerFbrefGK.fb_npxG_plus_xA,scrapes.PlayerFbrefGK.fb_xG_90,scrapes.PlayerFbrefGK.fb_xA_90,scrapes.PlayerFbrefGK.fb_xG_plus_xA_90,scrapes.PlayerFbrefGK.fb_npxG_90,scrapes.PlayerFbrefGK.fb_npxG_plus_xA_90,scrapes.PlayerFbrefGK.fb_GA,scrapes.PlayerFbrefGK.fb_GA_90,scrapes.PlayerFbrefGK.fb_SoTA,scrapes.PlayerFbrefGK.fb_saves,scrapes.PlayerFbrefGK.fb_save_perc,scrapes.PlayerFbrefGK.fb_W,scrapes.PlayerFbrefGK.fb_D,scrapes.PlayerFbrefGK.fb_L,scrapes.PlayerFbrefGK.fb_CS,scrapes.PlayerFbrefGK.fb_CS_perc,scrapes.PlayerFbrefGK.fb_PK_against,scrapes.PlayerFbrefGK.fb_PK_saves,scrapes.PlayerFbrefGK.fb_PK_saves_perc,scrapes.PlayerFbrefGK.fb_PSxG,scrapes.PlayerFbrefGK.fb_PSxG_vs_SoT,scrapes.PlayerFbrefGK.fb_PSxG_dif,scrapes.PlayerFbrefGK.fb_Launched_Cmp,scrapes.PlayerFbrefGK.fb_Launched_Att,scrapes.PlayerFbrefGK.fb_Launched_Cmp_perc,scrapes.PlayerFbrefGK.fb_Passes_Att,scrapes.PlayerFbrefGK.fb_Passes_Thr,scrapes.PlayerFbrefGK.fb_Passes_Launch_perc,scrapes.PlayerFbrefGK.fb_Passes_AvgLen,scrapes.PlayerFbrefGK.fb_Goal_Kicks_Att,scrapes.PlayerFbrefGK.fb_Goal_Kicks_Launch_perc,scrapes.PlayerFbrefGK.fb_Goal_Kicks_AvgLen,scrapes.PlayerFbrefGK.fb_Crosses_Opp,scrapes.PlayerFbrefGK.fb_Crosses_Stp,scrapes.PlayerFbrefGK.fb_Crosses_Stp_perc,scrapes.PlayerFbrefGK.fb_Sweeper_OPA,scrapes.PlayerFbrefGK.fb_Sweeper_OPA_90,scrapes.PlayerFbrefGK.fb_Sweeper_AvgDist,scrapes.PlayerFbrefGK.scrape_job,scrapes.PlayerFbrefGK.created_data
2bdb205b-2912-4393-bb8d-f05e0b3accec,a2c1a8d3,Julen Agirrezabala,2021-2022,ESP,GK,Athletic Club,La Liga,2000,4,4,360,4.0,0,0,0,0,0,0,0,0.0,0.0,0.0,0.0,0.0,0.0,0.0,0.0,0.0,0.0,0.0,0.0,0.0,5,1.25,20,15,75.0,1,2,1,1,25.0,0,0,0.0,4.6,0.25,-0.4,10,31,32.3,56,10,37.5,36.8,26,38.5,38.3,35,2,5.7,5.0,1.25,17.3,a07f1a3d-9d14-4c8e-9bf9-d4bd6c4ed51a,2022-07-11 20:17:27.424640+00:00
ade94de5-09d8-41ff-a389-ecd32bd63672,9e17ccff,Dogan Alemdar,2021-2022,TUR,GK,Rennes,Ligue 1,2002,12,12,1080,12.0,0,0,0,0,0,1,0,0.0,0.0,0.0,0.0,0.0,0.0,0.0,0.0,0.0,0.0,0.0,0.0,0.0,13,1.08,32,19,62.5,6,1,5,4,33.3,1,1,50.0,10.5,0.29,-2.5,64,161,39.8,322,53,31.7,33.5,70,84.3,57.7,108,5,4.6,14.0,1.17,15.2,a07f1a3d-9d14-4c8e-9bf9-d4bd6c4ed51a,2022-07-11 20:17:27.438583+00:00
13bcc1d7-3ee8-4049-b90c-1f884c2bf0dd,7a2e46a8,Alisson,2021-2022,BRA,GK,Liverpool,Premier League,1992,36,36,3240,36.0,0,1,0,0,0,0,0,0.0,0.03,0.03,0.03,0.0,0.0,0.4,0.4,0.0,0.01,0.01,0.0,0.01,24,0.67,97,73,75.3,27,7,2,20,55.6,0,0,0.0,27.2,0.28,4.2,187,345,54.2,1189,195,22.5,29.9,171,45.6,40.0,221,21,9.5,63.0,1.75,18.1,a07f1a3d-9d14-4c8e-9bf9-d4bd6c4ed51a,2022-07-11 20:17:27.452514+00:00
daf80bdc-b919-41ba-8533-4727904d4bf0,2f965a72,Alphonse Areola,2021-2022,FRA,GK,West Ham,Premier League,1993,1,1,90,1.0,0,0,0,0,0,0,0,0.0,0.0,0.0,0.0,0.0,0.0,0.0,0.0,0.0,0.0,0.0,0.0,0.0,1,1.0,3,2,66.7,0,0,1,0,0.0,0,0,0.0,1.2,0.39,0.2,8,28,28.6,27,3,66.7,49.7,14,71.4,53.2,13,1,7.7,0.0,0.0,7.0,a07f1a3d-9d14-4c8e-9bf9-d4bd6c4ed51a,2022-07-11 20:17:27.465300+00:00
fdab97fa-de7f-4acf-9aa4-c1fc68be628a,28d596a0,Kepa Arrizabalaga,2021-2022,ESP,GK,Chelsea,Premier League,1994,4,4,360,4.0,0,0,0,0,0,0,0,0.0,0.0,0.0,0.0,0.0,0.0,0.0,0.0,0.0,0.0,0.0,0.0,0.0,2,0.5,13,11,84.6,2,1,1,2,50.0,0,0,0.0,3.3,0.26,1.3,16,39,41.0,118,28,28.0,30.8,21,28.6,30.2,31,1,3.2,5.0,1.25,16.2,a07f1a3d-9d14-4c8e-9bf9-d4bd6c4ed51a,2022-07-11 20:17:27.478372+00:00
a379da92-68f3-49f8-b31c-6e9b21e161e4,9f0ea33f,Sergio Asenjo,2021-2022,ESP,GK,Villarreal,La Liga,1989,6,6,540,6.0,0,0,0,0,0,1,0,0.0,0.0,0.0,0.0,0.0,0.0,0.0,0.0,0.0,0.0,0.0,0.0,0.0,9,1.5,27,19,70.4,2,2,2,0,0.0,1,0,0.0,9.1,0.31,0.1,28,64,43.8,166,39,27.1,32.0,56,33.9,36.4,73,5,6.8,8.0,1.33,14.8,a07f1a3d-9d14-4c8e-9bf9-d4bd6c4ed51a,2022-07-11 20:17:27.490585+00:00
e726a5cc-765a-4130-a835-33aed7114a66,649b01d8,Emil Audero,2021-2022,ITA,GK,Sampdoria,Serie A,1997,29,29,2560,28.4,0,0,0,0,0,2,0,0.0,0.0,0.0,0.0,0.0,0.0,0.4,0.4,0.0,0.01,0.01,0.0,0.01,48,1.69,131,85,64.1,8,5,16,5,17.2,1,1,50.0,43.0,0.32,-4.0,220,506,43.5,785,117,45.7,39.8,214,68.7,49.8,270,25,9.3,12.0,0.42,13.3,a07f1a3d-9d14-4c8e-9bf9-d4bd6c4ed51a,2022-07-11 20:17:27.502335+00:00
e5e36190-85f3-4dd5-8cb1-243789dc1a48,1c0eea98,Daniel Bachmann,2021-2022,AUT,GK,Watford,Premier League,1994,12,12,1080,12.0,0,0,0,0,0,0,0,0.0,0.0,0.0,0.0,0.0,0.0,0.0,0.0,0.0,0.0,0.0,0.0,0.0,28,2.33,69,45,63.8,1,0,11,0,0.0,3,0,0.0,23.8,0.31,-2.2,89,226,39.4,270,44,60.7,47.4,87,71.3,52.7,108,3,2.8,8.0,0.67,13.1,a07f1a3d-9d14-4c8e-9bf9-d4bd6c4ed51a,2022-07-11 20:17:27.513470+00:00
ef5f2be4-4f9a-4360-bb89-c0d09ae6b362,e4346678,Edgar Badia,2021-2022,ESP,GK,Elche,La Liga,1992,24,24,2160,24.0,0,0,0,0,0,2,0,0.0,0.0,0.0,0.0,0.0,0.0,0.0,0.0,0.0,0.0,0.0,0.0,0.0,35,1.46,106,77,73.6,8,5,11,5,20.8,7,1,12.5,40.4,0.31,5.4,211,467,45.2,618,100,50.5,39.7,211,73.5,51.7,275,24,8.7,23.0,0.96,15.8,a07f1a3d-9d14-4c8e-9bf9-d4bd6c4ed51a,2022-07-11 20:17:27.525490+00:00
c1aa1f83-ecc1-4572-bc09-2f41b254616b,ad263695,Nicola Bagnolini,2021-2022,ITA,GK,Bologna,Serie A,2004,1,0,3,0.0,0,0,0,0,0,0,0,0.0,0.0,0.0,0.0,0.0,0.0,0.0,0.0,0.0,0.0,0.0,0.0,0.0,0,0.0,1,1,100.0,0,0,0,1,0.0,0,0,0.0,0.1,0.09,0.1,0,4,0.0,3,0,100.0,67.3,1,100.0,60.0,1,0,0.0,0.0,0.0,0.0,a07f1a3d-9d14-4c8e-9bf9-d4bd6c4ed51a,2022-07-11 20:17:27.537466+00:00
e61c605c-0058-4d8a-90a4-dc29ea34d886,be13e5a8,Stefan Bajic,2021-2022,FRA,GK,Saint-Étienne,Ligue 1,2001,7,4,510,5.7,0,0,0,0,0,0,0,0.0,0.0,0.0,0.0,0.0,0.0,0.0,0.0,0.0,0.0,0.0,0.0,0.0,13,2.29,27,16,59.3,0,1,3,0,0.0,2,0,0.0,13.4,0.43,0.4,33,86,38.4,141,39,39.7,34.7,44,68.2,50.2,53,1,1.9,9.0,1.59,15.7,a07f1a3d-9d14-4c8e-9bf9-d4bd6c4ed51a,2022-07-11 20:17:27.549248+00:00
f1359682-8702-433d-a59d-c53da6513a2e,0acda699,Francesco Bardi,2021-2022,ITA,GK,Bologna,Serie A,1992,2,2,177,2.0,0,0,0,0,0,0,0,0.0,0.0,0.0,0.0,0.0,0.0,0.0,0.0,0.0,0.0,0.0,0.0,0.0,2,1.02,9,7,77.8,1,1,0,1,50.0,0,0,0.0,3.3,0.36,1.3,9,25,36.0,37,6,51.4,37.5,13,46.2,38.8,14,2,14.3,0.0,0.0,10.6,a07f1a3d-9d14-4c8e-9bf9-d4bd6c4ed51a,2022-07-11 20:17:27.560545+00:00
f940aef2-e78b-4352-b5ef-3e9a950612c0,47064058,Oliver Baumann,2021-2022,GER,GK,Hoffenheim,Bundesliga,1990,33,33,2970,33.0,0,0,0,0,0,1,0,0.0,0.0,0.0,0.0,0.0,0.0,0.0,0.0,0.0,0.0,0.0,0.0,0.0,57,1.73,154,100,64.3,12,7,14,8,24.2,2,1,33.3,54.2,0.34,-1.8,168,453,37.1,1310,170,30.2,32.4,211,27.5,30.4,273,25,9.2,43.0,1.3,15.9,a07f1a3d-9d14-4c8e-9bf9-d4bd6c4ed51a,2022-07-11 20:17:27.571685+00:00
1d0eb79c-f059-4c45-928e-f58eb330399d,7b4de647,Asmir Begovic,2021-2022,BIH,GK,Everton,Premier League,1987,3,3,270,3.0,0,0,0,0,0,0,0,0.0,0.0,0.0,0.0,0.0,0.0,0.0,0.0,0.0,0.0,0.0,0.0,0.0,8,2.67,17,11,58.8,1,0,2,1,33.3,1,0,0.0,5.5,0.27,-1.5,21,68,30.9,53,4,79.2,54.2,31,83.9,58.1,23,3,13.0,0.0,0.0,12.9,a07f1a3d-9d14-4c8e-9bf9-d4bd6c4ed51a,2022-07-11 20:17:27.582648+00:00
61294f61-64fe-4a72-9b55-78fc328c27cb,4f8ce0e1,Vid Belec,2021-2022,SVN,GK,Salernitana,Serie A,1990,23,21,1938,21.5,0,0,0,0,0,1,0,0.0,0.0,0.0,0.0,0.0,0.0,0.0,0.0,0.0,0.0,0.0,0.0,0.0,49,2.28,129,84,64.3,3,2,16,1,4.8,3,1,25.0,39.3,0.28,-7.7,151,354,42.7,400,77,55.5,44.2,179,73.7,52.9,214,10,4.7,8.0,0.37,12.8,a07f1a3d-9d14-4c8e-9bf9-d4bd6c4ed51a,2022-07-11 20:17:27.594068+00:00
b5ff07dc-335e-4239-b0ee-9728b2981f27,8a2248b4,Walter Benitez,2021-2022,ARG,GK,Nice,Ligue 1,1993,37,37,3330,37.0,0,0,0,0,0,2,0,0.0,0.0,0.0,0.0,0.0,0.0,0.0,0.0,0.0,0.0,0.0,0.0,0.0,35,0.95,138,107,77.5,20,7,10,14,37.8,4,1,20.0,39.8,0.26,4.8,172,423,40.7,771,162,35.7,33.9,260,56.9,44.7,313,15,4.8,22.0,0.59,14.2,a07f1a3d-9d14-4c8e-9bf9-d4bd6c4ed51a,2022-07-11 20:17:27.605388+00:00
dfed0a8f-acd1-45d5-8b2e-406a72e9be1e,ec1f737d,Alessandro Berardi,2021-2022,ITA,GK,Hellas Verona,Serie A,1991,1,1,90,1.0,0,0,0,0,0,0,0,0.0,0.0,0.0,0.0,0.0,0.0,0.0,0.0,0.0,0.0,0.0,0.0,0.0,3,3.0,7,3,57.1,0,1,0,0,0.0,0,0,0.0,2.7,0.46,-0.3,5,20,25.0,23,5,56.5,43.3,7,100.0,58.7,4,0,0.0,0.0,0.0,12.2,a07f1a3d-9d14-4c8e-9bf9-d4bd6c4ed51a,2022-07-11 20:17:27.616829+00:00
85522678-b1e5-4c00-b8a0-963e26ed4a7e,ee833569,Etrit Berisha,2021-2022,ALB,GK,Torino,Serie A,1989,10,10,900,10.0,0,0,0,0,0,1,0,0.0,0.0,0.0,0.0,0.0,0.0,0.0,0.0,0.0,0.0,0.0,0.0,0.0,8,0.8,38,31,84.2,3,4,3,4,40.0,2,1,33.3,10.3,0.22,2.3,52,197,26.4,243,38,54.3,43.8,77,84.4,60.5,83,8,9.6,6.0,0.6,14.5,a07f1a3d-9d14-4c8e-9bf9-d4bd6c4ed51a,2022-07-11 20:17:27.629567+00:00
905dbcf6-6a98-4196-bf4b-947dabffc6a4,28dabd43,Paul Bernardoni,2021-2022,FRA,GK,Angers,Ligue 1,1997,13,13,1170,13.0,0,0,0,0,0,0,0,0.0,0.0,0.0,0.0,0.0,0.0,0.0,0.0,0.0,0.0,0.0,0.0,0.0,19,1.46,43,27,62.8,4,5,4,4,30.8,3,0,0.0,14.2,0.27,-4.8,55,122,45.1,239,82,32.6,35.2,98,44.9,40.5,134,17,12.7,7.0,0.54,14.5,a07f1a3d-9d14-4c8e-9bf9-d4bd6c4ed51a,2022-07-11 20:17:27.640377+00:00
42c3255e-2319-4c2e-ab90-036564c56304,28dabd43,Paul Bernardoni,2021-2022,FRA,GK,Saint-Étienne,Ligue 1,1997,19,19,1710,19.0,0,0,0,0,0,0,0,0.0,0.0,0.0,0.0,0.0,0.0,0.0,0.0,0.0,0.0,0.0,0.0,0.0,33,1.74,87,57,67.8,5,5,9,3,15.8,5,0,0.0,31.9,0.32,-3.1,99,333,29.7,441,117,52.8,41.2,137,73.0,52.3,140,17,12.1,31.0,1.63,16.2,a07f1a3d-9d14-4c8e-9bf9-d4bd6c4ed51a,2022-07-11 20:17:27.651744+00:00
d1cb3b1a-fe0d-4173-b0ab-367bf81712a4,380a15e2,Dimitry Bertaud,2021-2022,FRA,GK,Montpellier,Ligue 1,1998,11,9,833,9.3,0,0,0,0,0,0,0,0.0,0.0,0.0,0.0,0.0,0.0,0.0,0.0,0.0,0.0,0.0,0.0,0.0,20,2.16,53,36,66.0,2,3,4,2,22.2,2,0,0.0,18.4,0.31,-0.6,54,145,37.2,228,56,44.7,38.6,84,51.2,42.1,85,10,11.8,4.0,0.43,13.4,a07f1a3d-9d14-4c8e-9bf9-d4bd6c4ed51a,2022-07-11 20:17:27.663483+00:00
718beed3-0c17-43d7-b408-834262f84f7e,3d214e5f,Marco Bizot,2021-2022,NED,GK,Brest,Ligue 1,1991,38,38,3420,38.0,0,1,0,0,0,1,0,0.0,0.03,0.03,0.03,0.0,0.0,0.3,0.3,0.0,0.01,0.01,0.0,0.01,57,1.5,169,117,68.6,13,9,16,7,18.4,4,0,0.0,49.0,0.28,-6.0,319,671,47.5,874,193,48.5,41.1,327,75.5,56.0,310,21,6.8,24.0,0.63,14.5,a07f1a3d-9d14-4c8e-9bf9-d4bd6c4ed51a,2022-07-11 20:17:27.674258+00:00
a7734748-2302-426f-834f-65a1fd45386c,f6798fc3,Yassine Bounou,2021-2022,MAR,GK,Sevilla,La Liga,1991,31,31,2790,31.0,0,2,0,0,0,2,0,0.0,0.06,0.06,0.06,0.0,0.0,0.6,0.6,0.0,0.02,0.02,0.0,0.02,24,0.77,98,75,77.6,14,13,4,13,41.9,2,1,33.3,28.8,0.27,4.8,187,429,43.6,832,110,34.9,35.8,240,57.9,46.1,244,20,8.2,16.0,0.52,14.2,a07f1a3d-9d14-4c8e-9bf9-d4bd6c4ed51a,2022-07-11 20:17:27.686158+00:00
9435248e-193d-4144-9ee6-bd0cb6466e55,10072610,Claudio Bravo,2021-2022,CHI,GK,Betis,La Liga,1983,17,17,1456,16.2,0,0,0,0,0,2,0,0.0,0.0,0.0,0.0,0.0,0.0,0.2,0.2,0.0,0.01,0.01,0.0,0.01,19,1.17,55,39,67.3,8,4,5,5,29.4,1,0,0.0,19.9,0.35,2.9,114,286,39.9,409,51,54.3,44.3,98,65.3,51.1,164,4,2.4,8.0,0.49,13.4,a07f1a3d-9d14-4c8e-9bf9-d4bd6c4ed51a,2022-07-11 20:17:27.697427+00:00
0fcdeb4c-12a8-4dec-966c-e897378dce29,d28339cb,Fabian Bredlow,2021-2022,GER,GK,Stuttgart,Bundesliga,1995,4,4,360,4.0,0,0,0,0,0,0,0,0.0,0.0,0.0,0.0,0.0,0.0,0.0,0.0,0.0,0.0,0.0,0.0,0.0,7,1.75,24,17,70.8,0,2,2,0,0.0,0,0,0.0,6.9,0.29,-0.1,12,24,50.0,90,22,23.3,28.7,37,8.1,19.9,38,1,2.6,4.0,1.0,16.0,a07f1a3d-9d14-4c8e-9bf9-d4bd6c4ed51a,2022-07-11 20:17:27.708756+00:00
a409dca5-0577-4c06-8731-9275959ddcd9,25bdea4b,Sascha Burchert,2021-2022,GER,GK,Greuther Fürth,Bundesliga,1989,14,14,1260,14.0,0,0,0,0,0,0,0,0.0,0.0,0.0,0.0,0.0,0.0,0.1,0.1,0.0,0.01,0.01,0.0,0.01,28,2.0,69,44,63.8,2,4,8,3,21.4,3,0,0.0,22.4,0.3,-3.6,127,346,36.7,439,45,56.9,45.6,116,82.8,57.8,141,8,5.7,19.0,1.36,16.6,a07f1a3d-9d14-4c8e-9bf9-d4bd6c4ed51a,2022-07-11 20:17:27.719998+00:00
9ba81fc1-1b47-419f-a49f-86fedf9cdf25,9d12e142,Roman Burki,2021-2022,SUI,GK,Dortmund,Bundesliga,1990,1,1,90,1.0,0,0,0,0,0,0,0,0.0,0.0,0.0,0.0,0.0,0.0,0.0,0.0,0.0,0.0,0.0,0.0,0.0,1,1.0,0,0,0.0,1,0,0,0,0.0,1,0,0.0,0.9,0.0,-0.1,2,9,22.2,20,3,35.0,33.2,3,66.7,44.3,3,0,0.0,1.0,1.0,19.4,a07f1a3d-9d14-4c8e-9bf9-d4bd6c4ed51a,2022-07-11 20:17:27.732137+00:00
2cf1de57-58d8-413f-ba3b-84baaef82881,cc70a1d5,Jack Butland,2021-2022,ENG,GK,Crystal Palace,Premier League,1993,9,8,765,8.5,0,0,0,0,0,0,0,0.0,0.0,0.0,0.0,0.0,0.0,0.0,0.0,0.0,0.0,0.0,0.0,0.0,13,1.53,28,17,53.6,2,4,2,1,12.5,0,1,100.0,11.2,0.37,0.2,33,104,31.7,213,35,32.4,31.9,66,53.0,43.7,83,5,6.0,6.0,0.71,13.6,a07f1a3d-9d14-4c8e-9bf9-d4bd6c4ed51a,2022-07-11 20:17:27.744347+00:00
126fae4a-6ba8-4373-b72d-864ebe51ea8e,db87a2c4,Marcin Bulka,2021-2022,POL,GK,Nice,Ligue 1,1999,1,1,90,1.0,0,0,0,0,0,0,0,0.0,0.0,0.0,0.0,0.0,0.0,0.0,0.0,0.0,0.0,0.0,0.0,0.0,1,1.0,5,4,80.0,0,0,1,0,0.0,0,0,0.0,1.5,0.29,0.5,3,4,75.0,16,6,12.5,20.4,7,28.6,25.9,10,0,0.0,0.0,0.0,18.5,a07f1a3d-9d14-4c8e-9bf9-d4bd6c4ed51a,2022-07-11 20:17:27.755885+00:00
9c235ee2-20b7-471c-b2f5-f1c0a968c822,a179d516,Willy Caballero,2021-2022,ARG,GK,Southampton,Premier League,1981,2,2,180,2.0,0,0,0,0,0,1,0,0.0,0.0,0.0,0.0,0.0,0.0,0.0,0.0,0.0,0.0,0.0,0.0,0.0,5,2.5,11,6,54.5,0,1,1,0,0.0,0,0,0.0,4.3,0.4,-0.7,20,39,51.3,46,0,58.7,42.1,13,92.3,59.1,21,1,4.8,4.0,2.0,21.7,a07f1a3d-9d14-4c8e-9bf9-d4bd6c4ed51a,2022-07-11 20:17:27.766796+00:00
9205940c-2222-4be8-8f8a-b64f8098d354,5ee6e943,Marc-Aurele Caillard,2021-2022,FRA,GK,Metz,Ligue 1,1994,19,17,1542,17.1,0,0,0,0,0,1,0,0.0,0.0,0.0,0.0,0.0,0.0,0.0,0.0,0.0,0.0,0.0,0.0,0.0,30,1.75,85,56,67.1,4,5,8,5,29.4,2,0,0.0,30.1,0.34,0.1,114,294,38.8,298,87,50.0,43.3,163,89.0,62.7,142,5,3.5,8.0,0.47,14.1,a07f1a3d-9d14-4c8e-9bf9-d4bd6c4ed51a,2022-07-11 20:17:27.778164+00:00
48b29112-344e-4509-8e35-6021fa035c9e,e1846dde,Cardenas,2021-2022,ESP,GK,Levante,La Liga,1997,24,24,2160,24.0,0,0,0,0,0,3,0,0.0,0.0,0.0,0.0,0.0,0.0,0.0,0.0,0.0,0.0,0.0,0.0,0.0,46,1.92,115,71,63.5,6,6,12,5,20.8,4,0,0.0,41.7,0.33,-4.3,113,326,34.7,526,83,46.2,40.1,193,43.0,38.7,235,12,5.1,15.0,0.63,13.9,a07f1a3d-9d14-4c8e-9bf9-d4bd6c4ed51a,2022-07-11 20:17:27.789722+00:00
194a69e3-1428-433d-9921-b58818886d30,58bc7d18,Kiko Casilla,2021-2022,ESP,GK,Elche,La Liga,1986,14,14,1260,14.0,0,0,0,0,0,3,0,0.0,0.0,0.0,0.0,0.0,0.0,0.1,0.1,0.0,0.01,0.01,0.0,0.01,17,1.21,60,43,71.7,3,4,7,3,21.4,0,0,0.0,16.0,0.27,-1.0,96,249,38.6,346,73,50.3,40.4,135,55.6,43.7,130,7,5.4,11.0,0.79,15.4,a07f1a3d-9d14-4c8e-9bf9-d4bd6c4ed51a,2022-07-11 20:17:27.800589+00:00
0764c8a0-b1ce-4ccc-98fa-c065df4e6006,db401046,Koen Casteels,2021-2022,BEL,GK,Wolfsburg,Bundesliga,1992,28,28,2520,28.0,0,0,0,0,0,1,0,0.0,0.0,0.0,0.0,0.0,0.0,0.0,0.0,0.0,0.0,0.0,0.0,0.0,40,1.43,111,74,66.7,11,6,11,10,35.7,3,2,40.0,40.3,0.33,0.3,216,436,49.5,881,133,37.7,35.6,201,51.7,44.0,250,18,7.2,21.0,0.75,13.9,a07f1a3d-9d14-4c8e-9bf9-d4bd6c4ed51a,2022-07-11 20:17:27.812245+00:00
1e288f2b-cd17-43d1-9042-dfbdb1b6161d,f5dfc256,Leonardo Cesar Jardim,2021-2022,BRA,GK,Lille,Ligue 1,1995,17,17,1530,17.0,0,0,0,0,0,0,0,0.0,0.0,0.0,0.0,0.0,0.0,0.0,0.0,0.0,0.0,0.0,0.0,0.0,20,1.18,62,46,74.2,6,6,5,8,47.1,4,1,20.0,16.0,0.21,-3.0,79,231,34.2,310,66,48.1,39.3,125,65.6,50.7,140,9,6.4,13.0,0.76,15.4,a07f1a3d-9d14-4c8e-9bf9-d4bd6c4ed51a,2022-07-11 20:17:27.823157+00:00
f535a783-5331-4d39-bead-3d8c2774795e,04ac8285,Jasper Cillessen,2021-2022,NED,GK,Valencia,La Liga,1989,17,17,1457,16.2,0,1,0,0,0,1,0,0.0,0.06,0.06,0.06,0.0,0.0,0.0,0.0,0.0,0.0,0.0,0.0,0.0,29,1.79,71,47,66.2,4,8,5,3,17.6,5,1,16.7,29.0,0.36,2.0,112,260,43.1,347,69,53.9,45.3,99,73.7,57.0,122,11,9.0,8.0,0.49,15.3,a07f1a3d-9d14-4c8e-9bf9-d4bd6c4ed51a,2022-07-11 20:17:27.836335+00:00
621ceb58-954f-4d4b-bf41-1bb3be406839,4eae5bc4,Diego Conde,2021-2022,ESP,GK,Getafe,La Liga,1998,1,0,6,0.1,0,0,0,0,0,0,0,0.0,0.0,0.0,0.0,0.0,0.0,0.0,0.0,0.0,0.0,0.0,0.0,0.0,0,0.0,0,0,0.0,0,0,0,1,0.0,0,0,0.0,0.0,0.0,0.0,0,6,0.0,4,0,100.0,65.3,2,100.0,68.5,2,0,0.0,0.0,0.0,0.0,a07f1a3d-9d14-4c8e-9bf9-d4bd6c4ed51a,2022-07-11 20:17:27.849825+00:00
6938d639-8563-47ee-90df-604f35b5a1f4,8cabdc1e,Andrea Consigli,2021-2022,ITA,GK,Sassuolo,Serie A,1987,37,37,3322,36.9,0,0,0,0,0,2,0,0.0,0.0,0.0,0.0,0.0,0.0,0.1,0.1,0.0,0.0,0.0,0.0,0.0,63,1.71,159,103,65.4,13,11,13,3,8.1,8,1,11.1,61.6,0.34,-0.4,259,543,47.7,1214,159,37.0,34.5,252,37.3,31.7,331,20,6.0,23.0,0.62,13.3,a07f1a3d-9d14-4c8e-9bf9-d4bd6c4ed51a,2022-07-11 20:17:27.866020+00:00
464aa463-39ea-46f6-94c2-411e62d2248a,2434f24a,Benoit Costil,2021-2022,FRA,GK,Bordeaux,Ligue 1,1987,25,25,2250,25.0,0,0,0,0,0,1,0,0.0,0.0,0.0,0.0,0.0,0.0,0.0,0.0,0.0,0.0,0.0,0.0,0.0,62,2.48,129,72,55.8,3,8,14,0,0.0,5,0,0.0,47.9,0.34,-13.1,217,482,45.0,682,75,48.2,39.8,217,70.5,51.2,196,13,6.6,26.0,1.04,16.9,a07f1a3d-9d14-4c8e-9bf9-d4bd6c4ed51a,2022-07-11 20:17:27.878626+00:00
b6f75ee2-cfae-41eb-a13e-5926114d2f09,1840e36d,Thibaut Courtois,2021-2022,BEL,GK,Real Madrid,La Liga,1992,36,36,3240,36.0,0,0,0,0,0,1,0,0.0,0.0,0.0,0.0,0.0,0.0,0.0,0.0,0.0,0.0,0.0,0.0,0.0,29,0.81,116,88,76.7,26,7,3,16,44.4,2,1,33.3,33.9,0.27,4.9,114,306,37.3,929,188,23.5,31.2,210,41.9,39.1,312,27,8.7,21.0,0.58,14.2,a07f1a3d-9d14-4c8e-9bf9-d4bd6c4ed51a,2022-07-11 20:17:27.891445+00:00
10d6f0c4-07a4-4eb1-abbf-207c80d79d4c,f554e29b,Alessio Cragno,2021-2022,ITA,GK,Cagliari,Serie A,1994,35,35,3150,35.0,0,0,0,0,0,3,0,0.0,0.0,0.0,0.0,0.0,0.0,0.0,0.0,0.0,0.0,0.0,0.0,0.0,63,1.8,167,108,65.9,6,10,19,2,5.7,6,2,25.0,60.8,0.33,-1.2,335,765,43.8,899,111,59.5,44.0,315,73.0,50.8,293,22,7.5,19.0,0.54,14.9,a07f1a3d-9d14-4c8e-9bf9-d4bd6c4ed51a,2022-07-11 20:17:27.902750+00:00
ba694b2e-f38a-4080-8c06-0ee38e214265,dee3013b,Finn Dahmen,2021-2022,GER,GK,Mainz 05,Bundesliga,1998,2,2,180,2.0,0,0,0,0,0,0,0,0.0,0.0,0.0,0.0,0.0,0.0,0.0,0.0,0.0,0.0,0.0,0.0,0.0,3,1.5,4,2,50.0,1,1,0,0,0.0,1,0,0.0,2.3,0.39,-0.7,4,18,22.2,60,9,21.7,29.8,20,25.0,30.9,12,2,16.7,1.0,0.5,16.0,a07f1a3d-9d14-4c8e-9bf9-d4bd6c4ed51a,2022-07-11 20:17:27.914291+00:00
d5fe1b65-09be-4c08-9e07-ebdb98484490,cde3309f,Karl Darlow,2021-2022,ENG,GK,Newcastle Utd,Premier League,1990,8,8,720,8.0,0,0,0,0,0,1,0,0.0,0.0,0.0,0.0,0.0,0.0,0.0,0.0,0.0,0.0,0.0,0.0,0.0,15,1.87,37,25,64.9,0,5,3,0,0.0,2,0,0.0,10.6,0.24,-3.4,75,172,43.6,189,29,64.6,49.8,64,78.1,59.8,69,8,11.6,4.0,0.5,14.9,a07f1a3d-9d14-4c8e-9bf9-d4bd6c4ed51a,2022-07-11 20:17:27.925854+00:00
1496867f-f391-4664-90e3-68fbb4f2b72b,e8c5dd4d,Arthur Desmas,2021-2022,FRA,GK,Clermont Foot,Ligue 1,1994,15,15,1304,14.5,0,0,0,0,0,0,0,0.0,0.0,0.0,0.0,0.0,0.0,0.0,0.0,0.0,0.0,0.0,0.0,0.0,33,2.28,64,35,53.1,3,5,7,3,20.0,3,0,0.0,23.9,0.34,-8.1,39,146,26.7,302,53,31.8,33.8,112,44.6,36.8,87,3,3.4,5.0,0.35,12.3,a07f1a3d-9d14-4c8e-9bf9-d4bd6c4ed51a,2022-07-11 20:17:27.937234+00:00
3ecdafca-8d91-4adf-a0c5-00bc89cbc9aa,17a1299d,Javier Diaz,2021-2022,ESP,GK,Sevilla,La Liga,1997,1,1,90,1.0,0,0,0,0,0,0,0,0.0,0.0,0.0,0.0,0.0,0.0,0.0,0.0,0.0,0.0,0.0,0.0,0.0,1,1.0,2,1,50.0,0,1,0,0,0.0,0,0,0.0,0.3,0.15,-0.7,5,10,50.0,30,2,26.7,31.9,3,66.7,50.3,12,1,8.3,1.0,1.0,25.0,a07f1a3d-9d14-4c8e-9bf9-d4bd6c4ed51a,2022-07-11 20:17:27.950211+00:00
0cff5ced-ed9f-4388-a3a0-70d05194056f,fc70e345,Stole Dimitrievski,2021-2022,MKD,GK,Rayo Vallecano,La Liga,1993,31,30,2772,30.8,0,0,0,0,0,0,0,0.0,0.0,0.0,0.0,0.0,0.0,0.0,0.0,0.0,0.0,0.0,0.0,0.0,37,1.2,116,86,74.1,11,8,11,9,30.0,7,2,22.2,39.0,0.27,3.0,207,611,33.9,726,148,59.8,47.5,229,77.3,58.1,251,24,9.6,17.0,0.55,12.9,a07f1a3d-9d14-4c8e-9bf9-d4bd6c4ed51a,2022-07-11 20:17:27.963085+00:00
1b3cef47-e36f-4f3d-9ca4-6411f1ac0257,b6160ad0,Matias Dituro,2021-2022,ARG,GK,Celta Vigo,La Liga,1987,38,38,3420,38.0,0,0,0,0,0,1,0,0.0,0.0,0.0,0.0,0.0,0.0,0.1,0.1,0.0,0.0,0.0,0.0,0.0,43,1.13,128,91,69.5,12,10,16,14,36.8,4,4,50.0,47.0,0.32,6.0,349,859,40.6,1177,129,55.1,44.5,283,74.2,56.0,299,44,14.7,33.0,0.87,15.6,a07f1a3d-9d14-4c8e-9bf9-d4bd6c4ed51a,2022-07-11 20:17:27.976058+00:00
b1a5d7f4-17c6-451e-82fa-475c2e6a42e4,62124972,Ouparine Djoco,2021-2022,SEN,GK,Clermont Foot,Ligue 1,1998,24,23,2116,23.5,0,0,0,0,0,1,0,0.0,0.0,0.0,0.0,0.0,0.0,0.0,0.0,0.0,0.0,0.0,0.0,0.0,36,1.53,96,63,64.6,6,4,13,5,21.7,2,0,0.0,30.2,0.3,-3.8,116,342,33.9,579,104,42.7,37.3,155,61.3,43.8,184,15,8.2,18.0,0.77,14.6,a07f1a3d-9d14-4c8e-9bf9-d4bd6c4ed51a,2022-07-11 20:17:27.987392+00:00
1e9a475a-97e4-4bdd-9204-6a641ec9d312,ac295d9e,Marko Dmitrovic,2021-2022,SRB,GK,Sevilla,La Liga,1992,6,6,540,6.0,0,0,0,0,0,0,0,0.0,0.0,0.0,0.0,0.0,0.0,0.0,0.0,0.0,0.0,0.0,0.0,0.0,5,0.83,18,13,72.2,4,2,0,4,66.7,0,0,0.0,5.3,0.3,0.3,28,63,44.4,191,25,26.7,32.3,33,36.4,36.6,51,4,7.8,9.0,1.5,17.2,a07f1a3d-9d14-4c8e-9bf9-d4bd6c4ed51a,2022-07-11 20:17:27.999265+00:00
2a8c15e1-3361-4b87-8b24-22e0fb10e6fe,c9cb972b,Jaume Domenech,2021-2022,ESP,GK,Valencia,La Liga,1990,4,3,343,3.8,0,0,0,0,0,1,0,0.0,0.0,0.0,0.0,0.0,0.0,0.0,0.0,0.0,0.0,0.0,0.0,0.0,4,1.05,11,8,63.6,2,0,1,1,33.3,0,0,0.0,4.8,0.43,1.8,39,79,49.4,75,8,72.0,48.1,32,78.1,56.0,40,3,7.5,1.0,0.26,10.5,a07f1a3d-9d14-4c8e-9bf9-d4bd6c4ed51a,2022-07-11 20:17:28.010728+00:00
bae87d8e-195c-4e28-9d45-216bb13fc911,08f5afaa,Gianluigi Donnarumma,2021-2022,ITA,GK,Paris S-G,Ligue 1,1999,17,17,1530,17.0,0,0,0,0,0,3,0,0.0,0.0,0.0,0.0,0.0,0.0,0.0,0.0,0.0,0.0,0.0,0.0,0.0,17,1.0,60,44,73.3,13,2,2,5,29.4,1,0,0.0,17.5,0.28,1.5,40,72,55.6,368,102,14.4,24.1,99,19.2,23.7,110,6,5.5,22.0,1.29,17.2,a07f1a3d-9d14-4c8e-9bf9-d4bd6c4ed51a,2022-07-11 20:17:28.022190+00:00
0565bbcd-86c1-4d0a-85b6-1b23459a627e,085e71a7,Bartlomiej Dragowski,2021-2022,POL,GK,Fiorentina,Serie A,1997,7,7,556,6.2,0,0,0,0,0,0,1,0.0,0.0,0.0,0.0,0.0,0.0,0.0,0.0,0.0,0.0,0.0,0.0,0.0,8,1.29,23,16,69.6,3,0,4,2,28.6,1,1,50.0,8.3,0.28,0.3,53,119,44.5,305,23,33.1,33.9,39,46.2,43.6,31,5,16.1,13.0,2.1,17.7,a07f1a3d-9d14-4c8e-9bf9-d4bd6c4ed51a,2022-07-11 20:17:28.033830+00:00
574d916a-b4e7-4918-abab-976b8f81b3b1,fbf83734,Matthieu Dreyer,2021-2022,FRA,GK,Lorient,Ligue 1,1989,16,16,1440,16.0,0,0,0,0,0,0,0,0.0,0.0,0.0,0.0,0.0,0.0,0.0,0.0,0.0,0.0,0.0,0.0,0.0,25,1.56,57,33,57.9,5,4,7,7,43.8,1,0,0.0,18.9,0.32,-6.1,85,229,37.1,287,44,45.6,39.9,134,73.1,50.8,146,7,4.8,5.0,0.31,13.4,a07f1a3d-9d14-4c8e-9bf9-d4bd6c4ed51a,2022-07-11 20:17:28.045370+00:00
95537a37-6c04-4b7c-900e-4e06363178fa,3a949a25,Martin Dubravka,2021-2022,SVK,GK,Newcastle Utd,Premier League,1989,26,26,2340,26.0,0,0,0,0,0,1,0,0.0,0.0,0.0,0.0,0.0,0.0,0.1,0.1,0.0,0.0,0.0,0.0,0.0,35,1.35,106,71,67.9,13,4,9,8,30.8,1,0,0.0,38.1,0.36,4.1,222,524,42.4,608,86,50.0,41.1,237,92.8,64.8,211,17,8.1,9.0,0.35,12.7,a07f1a3d-9d14-4c8e-9bf9-d4bd6c4ed51a,2022-07-11 20:17:28.058407+00:00
eb052fd1-85f1-41d5-a44e-d5d237691bf1,3bb7b8b4,Ederson,2021-2022,BRA,GK,Manchester City,Premier League,1993,37,37,3330,37.0,0,0,0,0,0,3,0,0.0,0.0,0.0,0.0,0.0,0.0,0.1,0.1,0.0,0.0,0.0,0.0,0.0,26,0.7,83,56,69.9,28,6,3,20,54.1,1,0,0.0,23.8,0.28,-2.2,155,262,59.2,951,151,24.0,30.0,138,24.6,31.6,181,16,8.8,34.0,0.92,17.2,a07f1a3d-9d14-4c8e-9bf9-d4bd6c4ed51a,2022-07-11 20:17:28.069939+00:00
1233a44e-fb74-4c6c-9f41-36a4606265a9,67669ce7,Aaron Escandell,2021-2022,ESP,GK,Granada,La Liga,1995,4,3,284,3.2,0,0,0,0,0,1,1,0.0,0.0,0.0,0.0,0.0,0.0,0.0,0.0,0.0,0.0,0.0,0.0,0.0,6,1.9,14,10,71.4,0,2,1,1,33.3,2,0,0.0,4.2,0.19,-1.8,39,89,43.8,88,13,68.2,48.1,37,78.4,54.3,26,2,7.7,7.0,2.22,14.5,a07f1a3d-9d14-4c8e-9bf9-d4bd6c4ed51a,2022-07-11 20:17:28.081427+00:00
5472fca8-059e-47eb-bb6f-14348b738810,83e0eeb4,Michael Esser,2021-2022,GER,GK,Bochum,Bundesliga,1987,3,3,270,3.0,0,0,0,0,0,0,0,0.0,0.0,0.0,0.0,0.0,0.0,0.0,0.0,0.0,0.0,0.0,0.0,0.0,7,2.33,18,13,72.2,2,0,1,0,0.0,2,0,0.0,6.1,0.25,-0.9,22,74,29.7,104,9,50.0,40.3,30,73.3,48.9,29,0,0.0,1.0,0.33,11.3,a07f1a3d-9d14-4c8e-9bf9-d4bd6c4ed51a,2022-07-11 20:17:28.093066+00:00
5024a55d-68fd-4eec-9fb1-3f05054ca61c,9328b835,Lukasz Fabianski,2021-2022,POL,GK,West Ham,Premier League,1985,37,37,3330,37.0,0,0,0,0,0,2,0,0.0,0.0,0.0,0.0,0.0,0.0,0.0,0.0,0.0,0.0,0.0,0.0,0.0,50,1.35,156,105,69.2,16,8,13,8,21.6,2,3,60.0,52.0,0.31,4.0,241,602,40.0,726,145,55.8,44.1,280,70.4,52.9,344,14,4.1,9.0,0.24,11.8,a07f1a3d-9d14-4c8e-9bf9-d4bd6c4ed51a,2022-07-11 20:17:28.104726+00:00
fa847941-7004-4860-b299-677d8c1d62c1,9f5a610b,Wladimiro Falcone,2021-2022,ITA,GK,Sampdoria,Serie A,1995,10,9,855,9.5,0,0,0,0,0,2,0,0.0,0.0,0.0,0.0,0.0,0.0,0.0,0.0,0.0,0.0,0.0,0.0,0.0,14,1.47,53,41,75.5,2,1,6,2,22.2,1,0,0.0,15.7,0.28,2.7,65,168,38.7,284,44,40.5,36.7,74,71.6,49.1,108,9,8.3,1.0,0.11,11.9,a07f1a3d-9d14-4c8e-9bf9-d4bd6c4ed51a,2022-07-11 20:17:28.116352+00:00
4c91d292-1fbc-464a-a5c2-63f9aa502b04,2c127b6f,Wuilker Farinez,2021-2022,VEN,GK,Lens,Ligue 1,1998,13,11,1105,12.3,0,0,0,0,0,0,0,0.0,0.0,0.0,0.0,0.0,0.0,0.0,0.0,0.0,0.0,0.0,0.0,0.0,15,1.22,42,28,66.7,7,3,1,3,27.3,1,0,0.0,11.4,0.25,-3.6,34,95,35.8,222,59,35.6,32.6,81,19.8,25.1,98,3,3.1,13.0,1.06,15.0,a07f1a3d-9d14-4c8e-9bf9-d4bd6c4ed51a,2022-07-11 20:17:28.127992+00:00
99ef22fd-bf32-48c4-b2b2-52db013f50f3,a01c3d54,Aitor Fernandez,2021-2022,ESP,GK,Levante,La Liga,1991,13,13,1166,13.0,0,0,0,0,0,1,1,0.0,0.0,0.0,0.0,0.0,0.0,0.0,0.0,0.0,0.0,0.0,0.0,0.0,29,2.24,79,51,64.6,1,5,7,2,15.4,1,1,50.0,24.9,0.29,-4.1,73,174,42.0,290,62,46.2,40.2,91,44.0,36.4,111,5,4.5,11.0,0.85,16.3,a07f1a3d-9d14-4c8e-9bf9-d4bd6c4ed51a,2022-07-11 20:17:28.139733+00:00
452e544e-b8af-4146-ab89-75016490d4b6,f127d782,Alvaro Fernandez,2021-2022,ESP,GK,Brentford,Premier League,1998,12,12,1080,12.0,0,0,0,0,0,0,0,0.0,0.0,0.0,0.0,0.0,0.0,0.0,0.0,0.0,0.0,0.0,0.0,0.0,24,2.0,67,46,65.7,3,2,7,1,8.3,1,0,0.0,24.7,0.36,2.7,82,247,33.2,417,56,48.0,38.6,83,56.6,41.0,123,7,5.7,10.0,0.83,14.3,a07f1a3d-9d14-4c8e-9bf9-d4bd6c4ed51a,2022-07-11 20:17:28.151190+00:00
f3221386-c9dd-48b5-b828-26541e044551,a2565f79,Vincenzo Fiorillo,2021-2022,ITA,GK,Salernitana,Serie A,1990,1,1,90,1.0,0,0,0,0,0,0,0,0.0,0.0,0.0,0.0,0.0,0.0,0.0,0.0,0.0,0.0,0.0,0.0,0.0,5,5.0,8,3,37.5,0,0,1,0,0.0,0,0,0.0,2.6,0.33,-2.4,11,19,57.9,20,4,50.0,41.3,11,81.8,53.3,7,1,14.3,0.0,0.0,10.0,a07f1a3d-9d14-4c8e-9bf9-d4bd6c4ed51a,2022-07-11 20:17:28.163756+00:00
6d9b8370-2725-4ca0-af20-432cf2a588f0,a92ab7be,Mark Flekken,2021-2022,NED,GK,Freiburg,Bundesliga,1993,32,32,2880,32.0,0,0,0,0,0,0,0,0.0,0.0,0.0,0.0,0.0,0.0,0.1,0.1,0.0,0.0,0.0,0.0,0.0,39,1.22,140,103,73.6,15,9,8,10,31.3,2,0,0.0,38.4,0.27,0.4,291,698,41.7,1094,116,47.0,42.6,241,76.3,62.8,290,18,6.2,30.0,0.94,15.7,a07f1a3d-9d14-4c8e-9bf9-d4bd6c4ed51a,2022-07-11 20:17:28.175805+00:00
5f0e308d-afa9-4636-ba7b-1453abf6ee2a,c3e39f12,Fraser Forster,2021-2022,ENG,GK,Southampton,Premier League,1988,19,19,1710,19.0,0,0,0,0,0,1,0,0.0,0.0,0.0,0.0,0.0,0.0,0.0,0.0,0.0,0.0,0.0,0.0,0.0,35,1.84,98,67,66.3,6,5,8,3,15.8,2,0,0.0,31.8,0.31,-1.2,123,358,34.4,455,68,54.9,44.8,141,76.6,54.3,176,18,10.2,14.0,0.74,13.8,a07f1a3d-9d14-4c8e-9bf9-d4bd6c4ed51a,2022-07-11 20:17:28.186886+00:00
47345e11-961e-424d-88f9-efd5820aa4e0,d0b3ceb9,Ben Foster,2021-2022,ENG,GK,Watford,Premier League,1983,26,26,2340,26.0,0,1,0,0,0,0,0,0.0,0.04,0.04,0.04,0.0,0.0,0.2,0.2,0.0,0.01,0.01,0.0,0.01,49,1.88,111,63,58.6,5,5,16,4,15.4,3,1,25.0,43.4,0.36,-4.6,227,666,34.1,644,70,71.3,51.4,225,92.0,65.2,265,16,6.0,24.0,0.92,15.1,a07f1a3d-9d14-4c8e-9bf9-d4bd6c4ed51a,2022-07-11 20:17:28.198391+00:00
1a8c208c-7251-4009-8e88-c9dcdcd482e7,1940be91,Christian Fruchtl,2021-2022,GER,GK,Bayern Munich,Bundesliga,2000,1,0,10,0.1,0,0,0,0,0,0,0,0.0,0.0,0.0,0.0,0.0,0.0,0.0,0.0,0.0,0.0,0.0,0.0,0.0,0,0.0,0,0,0.0,0,0,0,0,0.0,0,0,0.0,0.0,0.0,0.0,0,0,0.0,3,0,0.0,22.3,0,0.0,0.0,0,0,0.0,0.0,0.0,16.0,a07f1a3d-9d14-4c8e-9bf9-d4bd6c4ed51a,2022-07-11 20:17:28.209765+00:00
86e76c39-7936-407d-b936-f6ce9516eacf,86314793,Marius Funk,2021-2022,GER,GK,Greuther Fürth,Bundesliga,1996,8,8,720,8.0,0,0,0,0,0,0,0,0.0,0.0,0.0,0.0,0.0,0.0,0.1,0.1,0.0,0.02,0.02,0.0,0.02,30,3.75,52,26,46.2,0,0,8,0,0.0,2,0,0.0,24.4,0.44,-3.6,70,193,36.3,293,28,49.5,42.1,69,69.6,53.8,51,3,5.9,12.0,1.5,17.0,a07f1a3d-9d14-4c8e-9bf9-d4bd6c4ed51a,2022-07-11 20:17:28.221083+00:00
68ac9bfe-a307-4b66-a239-a591580f16e2,db3164e1,Gauthier Gallon,2021-2022,FRA,GK,Troyes,Ligue 1,1993,31,31,2790,31.0,0,0,0,0,0,2,0,0.0,0.0,0.0,0.0,0.0,0.0,0.0,0.0,0.0,0.0,0.0,0.0,0.0,45,1.45,128,92,71.1,8,8,15,8,25.8,8,0,0.0,40.4,0.26,-2.6,217,512,42.4,815,155,45.3,38.3,246,58.1,42.9,283,19,6.7,16.0,0.52,13.0,a07f1a3d-9d14-4c8e-9bf9-d4bd6c4ed51a,2022-07-11 20:17:28.232464+00:00
265a7ff5-3403-466e-a501-f39d5b7d4635,87b498b0,Joan Garcia,2021-2022,ESP,GK,Espanyol,La Liga,2001,2,1,108,1.2,0,0,0,0,0,0,0,0.0,0.0,0.0,0.0,0.0,0.0,0.0,0.0,0.0,0.0,0.0,0.0,0.0,3,2.5,3,0,0.0,0,0,1,0,0.0,0,0,0.0,1.2,0.39,-1.8,4,12,33.3,31,9,32.3,31.4,2,100.0,71.5,11,2,18.2,2.0,1.67,18.6,a07f1a3d-9d14-4c8e-9bf9-d4bd6c4ed51a,2022-07-11 20:17:28.243888+00:00
1313f5ec-c2b3-4ade-82f1-4819cbc8cf4a,7ba6d84e,David de Gea,2021-2022,ESP,GK,Manchester Utd,Premier League,1990,38,38,3420,38.0,0,0,0,0,0,0,0,0.0,0.0,0.0,0.0,0.0,0.0,0.0,0.0,0.0,0.0,0.0,0.0,0.0,57,1.5,177,124,69.5,16,10,12,8,21.1,3,3,50.0,60.7,0.33,6.7,139,379,36.7,614,124,37.0,35.2,297,51.2,42.4,306,10,3.3,9.0,0.24,13.6,a07f1a3d-9d14-4c8e-9bf9-d4bd6c4ed51a,2022-07-11 20:17:28.255402+00:00
174f8321-3d78-4680-a4f9-ab536347641f,53e494ec,Luca Gemello,2021-2022,ITA,GK,Torino,Serie A,2000,1,1,90,1.0,0,0,0,0,0,0,0,0.0,0.0,0.0,0.0,0.0,0.0,0.0,0.0,0.0,0.0,0.0,0.0,0.0,0,0.0,4,4,100.0,1,0,0,1,100.0,0,0,0.0,0.8,0.2,0.8,9,28,32.1,31,1,80.6,51.8,3,100.0,60.7,4,0,0.0,0.0,0.0,12.0,a07f1a3d-9d14-4c8e-9bf9-d4bd6c4ed51a,2022-07-11 20:17:28.267893+00:00
ff19c558-168f-4d77-9a0d-f50db3485836,17376543,Rafal Gikiewicz,2021-2022,POL,GK,Augsburg,Bundesliga,1987,34,34,3060,34.0,0,0,0,0,0,0,0,0.0,0.0,0.0,0.0,0.0,0.0,0.1,0.1,0.0,0.0,0.0,0.0,0.0,56,1.65,152,100,66.4,10,8,16,9,26.5,5,0,0.0,52.5,0.32,-1.5,261,655,39.8,955,141,48.8,40.5,285,66.3,50.6,308,20,6.5,34.0,1.0,15.9,a07f1a3d-9d14-4c8e-9bf9-d4bd6c4ed51a,2022-07-11 20:17:28.279476+00:00
6b3bc180-ff25-4ec1-a9d3-205007434a40,cecbce23,Alfred Gomis,2021-2022,SEN,GK,Rennes,Ligue 1,1993,25,25,2250,25.0,0,0,0,0,0,1,0,0.0,0.0,0.0,0.0,0.0,0.0,0.0,0.0,0.0,0.0,0.0,0.0,0.0,25,1.0,62,40,66.1,14,5,6,10,40.0,4,0,0.0,22.9,0.33,-1.1,155,333,46.5,630,115,36.2,34.4,151,69.5,51.9,239,16,6.7,16.0,0.64,14.7,a07f1a3d-9d14-4c8e-9bf9-d4bd6c4ed51a,2022-07-11 20:17:28.291560+00:00
558402a4-fd52-40b1-ae70-b7fbc62fa234,f26dee6b,Jens Grahl,2021-2022,GER,GK,Eint Frankfurt,Bundesliga,1988,1,1,90,1.0,0,0,0,0,0,0,0,0.0,0.0,0.0,0.0,0.0,0.0,0.0,0.0,0.0,0.0,0.0,0.0,0.0,2,2.0,4,2,50.0,0,0,1,0,0.0,0,0,0.0,0.7,0.17,-1.3,2,6,33.3,19,5,10.5,26.1,11,36.4,40.5,9,1,11.1,0.0,0.0,13.0,a07f1a3d-9d14-4c8e-9bf9-d4bd6c4ed51a,2022-07-11 20:17:28.302919+00:00
49b283dc-7bff-46a1-b4cd-18ec951bcedd,3f034750,Ivo Grbic,2021-2022,CRO,GK,Lille,Ligue 1,1996,21,21,1890,21.0,0,0,0,0,0,3,0,0.0,0.0,0.0,0.0,0.0,0.0,0.0,0.0,0.0,0.0,0.0,0.0,0.0,28,1.33,88,63,70.5,8,7,6,2,9.5,2,0,0.0,27.2,0.29,0.2,110,287,38.3,419,85,44.6,38.7,164,61.0,46.2,203,21,10.3,13.0,0.62,14.5,a07f1a3d-9d14-4c8e-9bf9-d4bd6c4ed51a,2022-07-11 20:17:28.314260+00:00
9ef020ed-fae8-41ba-8cf3-154c8ef8da27,667b65da,Etienne Green,2021-2022,ENG,GK,Saint-Étienne,Ligue 1,2000,15,15,1197,13.3,0,0,0,0,0,1,1,0.0,0.0,0.0,0.0,0.0,0.0,0.3,0.3,0.0,0.02,0.02,0.0,0.02,27,2.03,67,43,61.2,2,5,8,1,6.7,1,0,0.0,20.6,0.29,-4.4,75,188,39.9,295,65,41.7,37.9,109,59.6,47.4,112,9,8.0,8.0,0.6,14.5,a07f1a3d-9d14-4c8e-9bf9-d4bd6c4ed51a,2022-07-11 20:17:28.325279+00:00
c57c6822-e707-48bd-870e-6fd169475d2c,30061f53,Dominik Greif,2021-2022,SVK,GK,Mallorca,La Liga,1997,1,1,90,1.0,0,0,0,0,0,0,0,0.0,0.0,0.0,0.0,0.0,0.0,0.0,0.0,0.0,0.0,0.0,0.0,0.0,3,3.0,6,3,50.0,0,0,1,0,0.0,0,0,0.0,1.1,0.19,-1.9,2,13,15.4,21,6,42.9,37.8,10,40.0,37.4,8,0,0.0,1.0,1.0,13.0,a07f1a3d-9d14-4c8e-9bf9-d4bd6c4ed51a,2022-07-11 20:17:28.336500+00:00
09130d88-c59d-4941-af7b-0a7fcb82aa54,37998008,Lennart Grill,2021-2022,GER,GK,Leverkusen,Bundesliga,1999,1,1,90,1.0,0,0,0,0,0,0,0,0.0,0.0,0.0,0.0,0.0,0.0,0.0,0.0,0.0,0.0,0.0,0.0,0.0,2,2.0,6,5,66.7,1,0,0,0,0.0,0,0,0.0,1.1,0.19,0.1,4,17,23.5,36,6,30.6,32.1,9,66.7,47.9,8,0,0.0,0.0,0.0,7.9,a07f1a3d-9d14-4c8e-9bf9-d4bd6c4ed51a,2022-07-11 20:17:28.348420+00:00
9f114ad1-a483-4e6d-a641-9f64948b20b9,ab13a5aa,Vicente Guaita,2021-2022,ESP,GK,Crystal Palace,Premier League,1987,30,30,2655,29.5,0,0,0,0,0,2,0,0.0,0.0,0.0,0.0,0.0,0.0,0.0,0.0,0.0,0.0,0.0,0.0,0.0,33,1.12,113,83,73.5,9,11,10,11,36.7,3,0,0.0,29.4,0.24,-3.6,165,364,45.3,773,162,35.4,33.0,199,45.2,37.2,216,16,7.4,17.0,0.58,14.5,a07f1a3d-9d14-4c8e-9bf9-d4bd6c4ed51a,2022-07-11 20:17:28.365768+00:00
e1052699-e454-4c5c-8782-c0e00770f1e7,bcb2ccd8,Peter Gulacsi,2021-2022,HUN,GK,RB Leipzig,Bundesliga,1990,33,33,2967,33.0,0,0,0,0,0,1,0,0.0,0.0,0.0,0.0,0.0,0.0,0.0,0.0,0.0,0.0,0.0,0.0,0.0,34,1.03,107,77,71.0,17,7,9,10,30.3,3,0,0.0,34.6,0.31,1.6,154,371,41.5,973,155,30.1,32.3,199,39.2,35.9,223,8,3.6,43.0,1.3,17.9,a07f1a3d-9d14-4c8e-9bf9-d4bd6c4ed51a,2022-07-11 20:17:28.377839+00:00
71f7bb0b-20c7-44ff-be9c-e9e4bd7c24ca,e082af5b,Angus Gunn,2021-2022,ENG,GK,Norwich City,Premier League,1996,9,9,810,9.0,0,0,0,0,0,0,0,0.0,0.0,0.0,0.0,0.0,0.0,0.0,0.0,0.0,0.0,0.0,0.0,0.0,22,2.44,54,34,63.0,1,2,6,1,11.1,2,1,33.3,22.5,0.38,0.5,59,154,38.3,213,39,53.5,40.2,85,47.1,40.8,94,7,7.4,7.0,0.78,14.2,a07f1a3d-9d14-4c8e-9bf9-d4bd6c4ed51a,2022-07-11 20:17:28.389818+00:00
faba5a73-ccc6-426a-ab63-481ec58647ed,74419746,Samir Handanovic,2021-2022,SVN,GK,Inter,Serie A,1984,37,37,3330,37.0,0,0,0,0,0,1,0,0.0,0.0,0.0,0.0,0.0,0.0,0.0,0.0,0.0,0.0,0.0,0.0,0.0,30,0.81,121,94,78.5,25,9,3,15,40.5,4,0,0.0,31.6,0.24,2.6,206,382,53.9,1114,167,30.5,30.5,145,29.0,30.1,253,15,5.9,4.0,0.11,12.2,a07f1a3d-9d14-4c8e-9bf9-d4bd6c4ed51a,2022-07-11 20:17:28.401657+00:00
afdb1826-613d-4118-a390-c4917fb5dac8,76eca7e2,Wayne Hennessey,2021-2022,WAL,GK,Burnley,Premier League,1987,2,2,180,2.0,0,0,0,0,0,0,0,0.0,0.0,0.0,0.0,0.0,0.0,0.1,0.1,0.0,0.06,0.06,0.0,0.06,6,3.0,13,7,53.8,0,0,2,0,0.0,0,0,0.0,4.2,0.34,-0.8,26,65,40.0,59,8,76.3,57.8,21,95.2,69.9,20,1,5.0,3.0,1.5,15.9,a07f1a3d-9d14-4c8e-9bf9-d4bd6c4ed51a,2022-07-11 20:17:28.413135+00:00
ca9febfa-2577-4747-b9b4-eb4b213d8352,a4995f48,Sergio Herrera,2021-2022,ESP,GK,Osasuna,La Liga,1993,36,36,3240,36.0,0,0,0,0,0,3,0,0.0,0.0,0.0,0.0,0.0,0.0,0.0,0.0,0.0,0.0,0.0,0.0,0.0,48,1.33,136,92,67.6,12,10,14,12,33.3,4,3,42.9,44.8,0.3,-2.2,411,881,46.7,844,75,73.0,53.0,303,87.5,62.4,370,21,5.7,43.0,1.19,15.6,a07f1a3d-9d14-4c8e-9bf9-d4bd6c4ed51a,2022-07-11 20:17:28.424848+00:00
2cc29dcd-efd4-40c9-bef9-d3205b18b680,2e7ff968,Marwin Hitz,2021-2022,SUI,GK,Dortmund,Bundesliga,1987,5,4,405,4.5,0,0,0,0,0,0,0,0.0,0.0,0.0,0.0,0.0,0.0,0.0,0.0,0.0,0.0,0.0,0.0,0.0,12,2.67,23,13,56.5,1,0,3,0,0.0,2,0,0.0,9.5,0.34,-2.5,20,38,52.6,148,30,21.6,30.3,29,20.7,32.4,32,6,18.8,5.0,1.11,16.7,a07f1a3d-9d14-4c8e-9bf9-d4bd6c4ed51a,2022-07-11 20:17:28.436374+00:00
5937aa40-f165-43d5-abe1-8cbdbb564a17,3cd9e95a,Timo Horn,2021-2022,GER,GK,Köln,Bundesliga,1993,13,13,1170,13.0,0,0,0,0,0,0,0,0.0,0.0,0.0,0.0,0.0,0.0,0.0,0.0,0.0,0.0,0.0,0.0,0.0,21,1.62,55,35,61.8,4,6,3,1,7.7,0,0,0.0,18.3,0.34,-1.7,90,185,48.6,437,47,35.2,35.6,83,37.3,37.4,90,3,3.3,12.0,0.92,15.9,a07f1a3d-9d14-4c8e-9bf9-d4bd6c4ed51a,2022-07-11 20:17:28.447916+00:00
2c4bf065-1480-49be-a06b-e83ff1c2c6bc,ad3389d5,Lukas Hradecky,2021-2022,FIN,GK,Leverkusen,Bundesliga,1989,32,32,2880,32.0,0,0,0,0,0,1,0,0.0,0.0,0.0,0.0,0.0,0.0,0.0,0.0,0.0,0.0,0.0,0.0,0.0,44,1.37,153,110,72.5,17,7,8,8,25.0,2,1,33.3,45.4,0.29,1.4,189,466,40.6,1045,169,35.2,34.3,216,45.4,39.4,241,14,5.8,25.0,0.78,15.1,a07f1a3d-9d14-4c8e-9bf9-d4bd6c4ed51a,2022-07-11 20:17:28.459503+00:00
f9d2d836-4a0f-43bd-baf1-f14776002131,62ba5881,Stefanos Kapino,2021-2022,GRE,GK,Arminia,Bundesliga,1994,1,1,90,1.0,0,0,0,0,0,0,0,0.0,0.0,0.0,0.0,0.0,0.0,0.0,0.0,0.0,0.0,0.0,0.0,0.0,0,0.0,4,4,100.0,1,0,0,1,100.0,0,0,0.0,1.5,0.37,1.5,8,19,42.1,21,2,52.4,41.1,10,80.0,51.2,22,0,0.0,1.0,1.0,14.8,a07f1a3d-9d14-4c8e-9bf9-d4bd6c4ed51a,2022-07-11 20:17:28.471046+00:00
b7575be2-73f7-4793-a524-080c3b0a3253,a4527d33,Eiji Kawashima,2021-2022,JPN,GK,Strasbourg,Ligue 1,1983,1,1,90,1.0,0,0,0,0,0,0,0,0.0,0.0,0.0,0.0,0.0,0.0,0.0,0.0,0.0,0.0,0.0,0.0,0.0,0,0.0,1,1,100.0,1,0,0,1,100.0,0,0,0.0,0.0,0.02,0.0,1,4,25.0,24,5,8.3,28.4,7,28.6,32.3,8,0,0.0,0.0,0.0,13.2,a07f1a3d-9d14-4c8e-9bf9-d4bd6c4ed51a,2022-07-11 20:17:28.483659+00:00
0c81ffc2-6a35-44fa-8142-1a77fd2cb03c,62d7ef38,Caoimhin Kelleher,2021-2022,IRL,GK,Liverpool,Premier League,1998,2,2,180,2.0,0,0,0,0,0,0,0,0.0,0.0,0.0,0.0,0.0,0.0,0.0,0.0,0.0,0.0,0.0,0.0,0.0,2,1.0,8,5,75.0,1,1,0,1,50.0,0,0,0.0,2.6,0.32,0.6,8,16,50.0,77,12,18.2,26.3,13,15.4,26.3,11,0,0.0,3.0,1.5,16.4,a07f1a3d-9d14-4c8e-9bf9-d4bd6c4ed51a,2022-07-11 20:17:28.495470+00:00
fc134940-b1e9-46c4-911e-17204c3d4673,3f70db80,Kristoffer Klaesson,2021-2022,NOR,GK,Leeds United,Premier League,2000,1,0,36,0.4,0,0,0,0,0,0,0,0.0,0.0,0.0,0.0,0.0,0.0,0.0,0.0,0.0,0.0,0.0,0.0,0.0,0,0.0,4,4,100.0,0,0,0,0,0.0,0,0,0.0,0.3,0.07,0.3,2,4,50.0,8,2,37.5,34.4,3,33.3,31.0,4,1,25.0,0.0,0.0,25.0,a07f1a3d-9d14-4c8e-9bf9-d4bd6c4ed51a,2022-07-11 20:17:28.507570+00:00
6851c7a6-442b-4b9e-9532-e6e49ff12ca4,cd59b9df,Gregor Kobel,2021-2022,SUI,GK,Dortmund,Bundesliga,1997,29,29,2565,28.5,0,0,0,0,0,0,0,0.0,0.0,0.0,0.0,0.0,0.0,0.0,0.0,0.0,0.0,0.0,0.0,0.0,39,1.37,105,71,65.7,20,3,6,7,24.1,3,0,0.0,35.8,0.32,-1.2,103,277,37.2,836,135,24.4,30.2,184,39.7,37.1,189,20,10.6,27.0,0.95,15.6,a07f1a3d-9d14-4c8e-9bf9-d4bd6c4ed51a,2022-07-11 20:17:28.519187+00:00
e369ba68-aa4f-4fe8-bb74-45498b8bf6ac,f23f9d20,Tim Krul,2021-2022,NED,GK,Norwich City,Premier League,1988,29,29,2610,29.0,0,0,0,0,0,1,0,0.0,0.0,0.0,0.0,0.0,0.0,0.4,0.4,0.0,0.01,0.01,0.0,0.01,62,2.14,158,101,65.2,4,5,20,5,17.2,7,1,12.5,56.1,0.32,-3.9,191,495,38.6,833,155,44.8,39.4,224,54.5,45.4,256,10,3.9,10.0,0.34,12.5,a07f1a3d-9d14-4c8e-9bf9-d4bd6c4ed51a,2022-07-11 20:17:28.530583+00:00
3735438a-f941-4b25-a969-1cb3e758a61e,4e7db402,Alban Lafont,2021-2022,FRA,GK,Nantes,Ligue 1,1999,38,38,3420,38.0,0,0,0,0,0,3,0,0.0,0.0,0.0,0.0,0.0,0.0,0.0,0.0,0.0,0.0,0.0,0.0,0.0,48,1.26,150,106,70.7,15,10,13,8,21.1,4,3,42.9,46.0,0.27,-1.0,220,633,34.8,828,136,48.7,42.9,286,80.4,58.0,289,23,8.0,28.0,0.74,15.2,a07f1a3d-9d14-4c8e-9bf9-d4bd6c4ed51a,2022-07-11 20:17:28.542103+00:00
cd40d7fd-8189-49db-bf00-1213b7a9537f,edbe46dc,Jean-Louis Leca,2021-2022,FRA,GK,Lens,Ligue 1,1985,27,27,2313,25.7,0,0,0,0,0,3,1,0.0,0.0,0.0,0.0,0.0,0.0,0.0,0.0,0.0,0.0,0.0,0.0,0.0,33,1.28,94,64,68.1,10,8,9,5,18.5,3,1,25.0,30.2,0.29,-2.8,119,282,42.2,536,131,37.9,34.7,197,40.1,35.7,210,23,11.0,16.0,0.62,13.6,a07f1a3d-9d14-4c8e-9bf9-d4bd6c4ed51a,2022-07-11 20:17:28.553660+00:00
6709c9eb-7a2d-420c-a701-cf56d6a6b31d,6c4776b1,Jeremias Ledesma,2021-2022,ARG,GK,Cádiz,La Liga,1993,38,38,3420,38.0,0,0,0,0,0,4,0,0.0,0.0,0.0,0.0,0.0,0.0,0.0,0.0,0.0,0.0,0.0,0.0,0.0,51,1.34,159,117,74.8,8,15,15,13,34.2,11,2,15.4,52.1,0.26,1.1,302,834,36.2,846,116,68.0,52.1,310,83.5,64.2,368,33,9.0,23.0,0.61,13.7,a07f1a3d-9d14-4c8e-9bf9-d4bd6c4ed51a,2022-07-11 20:17:28.565822+00:00
0803eded-5993-4def-9660-4a86d83979a1,2628fd2b,Bernd Leno,2021-2022,GER,GK,Arsenal,Premier League,1992,4,4,360,4.0,0,0,0,0,0,0,0,0.0,0.0,0.0,0.0,0.0,0.0,0.0,0.0,0.0,0.0,0.0,0.0,0.0,9,2.25,19,9,52.6,1,0,3,1,25.0,0,0,0.0,7.4,0.39,-1.6,16,53,30.2,74,12,37.8,37.1,37,67.6,49.8,48,2,4.2,1.0,0.25,12.9,a07f1a3d-9d14-4c8e-9bf9-d4bd6c4ed51a,2022-07-11 20:17:28.577391+00:00
df865f09-642c-41cf-92bc-c0ca27b20f07,96fcd380,Alexandre Letellier,2021-2022,FRA,GK,Paris S-G,Ligue 1,1990,1,0,8,0.1,0,0,0,0,0,0,0,0.0,0.0,0.0,0.0,0.0,0.0,0.0,0.0,0.0,0.0,0.0,0.0,0.0,0,0.0,0,0,0.0,0,0,0,1,0.0,0,0,0.0,0.0,0.0,0.0,0,0,0.0,2,0,0.0,18.0,1,0.0,19.0,0,0,0.0,0.0,0.0,0.0,a07f1a3d-9d14-4c8e-9bf9-d4bd6c4ed51a,2022-07-11 20:17:28.590001+00:00
ecc405f2-ca09-4e0d-9859-fbd2f8c0d88d,c9c32262,Luca Lezzerini,2021-2022,ITA,GK,Venezia,Serie A,1995,6,6,495,5.5,0,0,0,0,0,2,0,0.0,0.0,0.0,0.0,0.0,0.0,0.0,0.0,0.0,0.0,0.0,0.0,0.0,9,1.64,39,30,76.9,2,1,3,0,0.0,0,0,0.0,11.6,0.31,2.6,30,70,42.9,155,39,33.5,32.9,42,42.9,34.9,57,2,3.5,2.0,0.36,11.4,a07f1a3d-9d14-4c8e-9bf9-d4bd6c4ed51a,2022-07-11 20:17:28.601441+00:00
4678d06e-0403-4508-a10d-93962ba4c389,4d6a842d,Andreas Linde,2021-2022,SWE,GK,Greuther Fürth,Bundesliga,1993,12,12,1080,12.0,0,0,0,0,0,0,0,0.0,0.0,0.0,0.0,0.0,0.0,0.0,0.0,0.0,0.0,0.0,0.0,0.0,24,2.0,61,37,62.3,1,5,6,3,25.0,1,0,0.0,20.1,0.32,-2.9,71,232,30.6,413,65,43.3,38.5,89,59.6,47.0,153,12,7.8,7.0,0.58,14.2,a07f1a3d-9d14-4c8e-9bf9-d4bd6c4ed51a,2022-07-11 20:17:28.613007+00:00
2f941823-834d-4988-9463-1c8e4f370d92,8f62b6ee,Hugo Lloris,2021-2022,FRA,GK,Tottenham,Premier League,1986,38,38,3420,38.0,0,0,0,0,0,2,0,0.0,0.0,0.0,0.0,0.0,0.0,0.5,0.5,0.0,0.01,0.01,0.0,0.01,40,1.05,133,95,71.4,22,5,11,16,42.1,2,0,0.0,38.5,0.28,-0.5,159,344,46.2,667,149,36.3,34.4,276,37.0,32.8,352,21,6.0,23.0,0.61,14.2,a07f1a3d-9d14-4c8e-9bf9-d4bd6c4ed51a,2022-07-11 20:17:28.624424+00:00
53cc0cc9-4327-4197-a22d-a4aca7c7cedc,f00de885,Anthony Lopes,2021-2022,POR,GK,Lyon,Ligue 1,1990,34,34,2982,33.1,0,0,0,0,0,1,1,0.0,0.0,0.0,0.0,0.0,0.0,0.0,0.0,0.0,0.0,0.0,0.0,0.0,45,1.36,146,106,71.2,14,11,9,8,23.5,3,1,25.0,42.2,0.27,0.2,165,334,49.4,907,150,29.2,32.1,220,31.4,33.4,245,11,4.5,23.0,0.69,15.1,a07f1a3d-9d14-4c8e-9bf9-d4bd6c4ed51a,2022-07-11 20:17:28.635698+00:00
82901094-9894-432d-838e-3e337142f577,73683fa9,Diego Lopez,2021-2022,ESP,GK,Espanyol,La Liga,1981,36,36,3177,35.3,0,0,0,0,0,4,0,0.0,0.0,0.0,0.0,0.0,0.0,0.0,0.0,0.0,0.0,0.0,0.0,0.0,49,1.39,152,106,69.7,10,12,14,10,27.8,3,0,0.0,45.4,0.28,-1.6,184,477,38.6,849,203,38.8,37.1,294,50.3,41.3,397,42,10.6,25.0,0.71,13.8,a07f1a3d-9d14-4c8e-9bf9-d4bd6c4ed51a,2022-07-11 20:17:28.647179+00:00
5da49151-fb5c-49c8-bdf1-d1bf81cbbff6,20b9f052,Pau Lopez,2021-2022,ESP,GK,Marseille,Ligue 1,1994,29,29,2610,29.0,0,1,0,0,0,4,0,0.0,0.03,0.03,0.03,0.0,0.0,0.8,0.8,0.0,0.03,0.03,0.0,0.03,29,1.0,81,53,69.1,15,6,8,10,34.5,4,0,0.0,31.3,0.36,0.3,155,335,46.3,1162,142,23.4,29.3,163,38.7,36.6,171,27,15.8,29.0,1.0,16.6,a07f1a3d-9d14-4c8e-9bf9-d4bd6c4ed51a,2022-07-11 20:17:28.658620+00:00
f8dca1b7-8cdc-4575-8d8a-08933cd7dc1b,939bc634,Jonas Lossl,2021-2022,DEN,GK,Brentford,Premier League,1989,2,2,180,2.0,0,0,0,0,0,0,0,0.0,0.0,0.0,0.0,0.0,0.0,0.0,0.0,0.0,0.0,0.0,0.0,0.0,5,2.5,7,2,28.6,0,0,2,0,0.0,0,0,0.0,3.3,0.46,-1.7,13,30,43.3,49,6,53.1,38.9,13,30.8,34.2,14,0,0.0,4.0,2.0,19.8,a07f1a3d-9d14-4c8e-9bf9-d4bd6c4ed51a,2022-07-11 20:17:28.669330+00:00
db81cc62-68b4-4c95-82f8-5c94e8d8b09f,5584552e,Marcel Lotka,2021-2022,POL,GK,Hertha BSC,Bundesliga,2001,10,9,885,9.8,0,0,0,0,0,1,0,0.0,0.0,0.0,0.0,0.0,0.0,0.0,0.0,0.0,0.0,0.0,0.0,0.0,20,2.03,44,27,61.4,2,1,6,2,22.2,3,0,0.0,17.3,0.33,-2.7,77,205,37.6,268,49,56.3,45.5,74,73.0,55.9,91,8,8.8,7.0,0.71,13.6,a07f1a3d-9d14-4c8e-9bf9-d4bd6c4ed51a,2022-07-11 20:17:28.680099+00:00
d13e661c-f23a-4d3e-8ff4-40ecac955052,3061e1ec,Andriy Lunin,2021-2022,UKR,GK,Real Madrid,La Liga,1999,2,2,180,2.0,0,0,0,0,0,0,0,0.0,0.0,0.0,0.0,0.0,0.0,0.0,0.0,0.0,0.0,0.0,0.0,0.0,2,1.0,7,6,85.7,0,1,1,0,0.0,1,1,50.0,3.7,0.29,1.7,9,16,56.3,57,13,12.3,24.0,25,36.0,30.4,25,1,4.0,0.0,0.0,10.4,a07f1a3d-9d14-4c8e-9bf9-d4bd6c4ed51a,2022-07-11 20:17:28.691375+00:00
e907cf8b-1d7a-49e3-a25f-aff2cd41609d,8a6ab963,Andrey Lunyov,2021-2022,RUS,GK,Leverkusen,Bundesliga,1991,1,1,90,1.0,0,0,0,0,0,0,0,0.0,0.0,0.0,0.0,0.0,0.0,0.0,0.0,0.0,0.0,0.0,0.0,0.0,1,1.0,2,1,50.0,1,0,0,0,0.0,0,0,0.0,1.0,0.5,0.0,4,9,44.4,43,5,11.6,25.3,6,66.7,53.5,13,1,7.7,2.0,2.0,13.3,a07f1a3d-9d14-4c8e-9bf9-d4bd6c4ed51a,2022-07-11 20:17:28.702169+00:00
d59ddcf3-254f-431b-94f7-feab4b41f995,7fe12375,Andreas Luthe,2021-2022,GER,GK,Union Berlin,Bundesliga,1987,27,27,2430,27.0,0,0,0,0,0,3,0,0.0,0.0,0.0,0.0,0.0,0.0,0.0,0.0,0.0,0.0,0.0,0.0,0.0,39,1.44,105,70,64.8,11,7,9,6,22.2,2,0,0.0,33.8,0.31,-2.2,184,516,35.7,779,115,48.5,40.3,219,63.0,46.4,243,16,6.6,16.0,0.59,13.6,a07f1a3d-9d14-4c8e-9bf9-d4bd6c4ed51a,2022-07-11 20:17:28.713522+00:00
40104a1f-1628-4f70-b2ad-f01bf6f11f12,14a96e1c,Niki Maenpaa,2021-2022,FIN,GK,Venezia,Serie A,1985,17,16,1485,16.5,0,1,0,0,0,1,0,0.0,0.06,0.06,0.06,0.0,0.0,0.3,0.3,0.0,0.02,0.02,0.0,0.02,27,1.64,78,56,71.8,1,4,11,1,6.3,5,0,0.0,29.7,0.34,2.7,81,236,34.3,379,69,45.6,39.6,142,44.4,36.9,168,9,5.4,7.0,0.42,12.8,a07f1a3d-9d14-4c8e-9bf9-d4bd6c4ed51a,2022-07-11 20:17:28.724966+00:00
8eb11944-cf26-45e7-929b-bb51d434de1a,fcb38f57,Mike Maignan,2021-2022,FRA,GK,Milan,Serie A,1995,32,32,2880,32.0,0,1,0,0,0,1,0,0.0,0.03,0.03,0.03,0.0,0.0,0.4,0.4,0.0,0.01,0.01,0.0,0.01,21,0.66,101,81,81.2,22,7,3,17,53.1,2,0,0.0,28.0,0.26,8.0,219,450,48.7,1002,154,38.3,36.7,148,44.6,40.7,211,26,12.3,26.0,0.81,15.3,a07f1a3d-9d14-4c8e-9bf9-d4bd6c4ed51a,2022-07-11 20:17:28.735882+00:00
f448cfe7-dd85-46fb-8826-410d3336b407,d4b73232,Giorgi Mamardashvili,2021-2022,GEO,GK,Valencia,La Liga,2000,18,18,1620,18.0,0,0,0,0,0,2,0,0.0,0.0,0.0,0.0,0.0,0.0,0.0,0.0,0.0,0.0,0.0,0.0,0.0,20,1.11,74,56,75.7,5,7,6,8,44.4,2,0,0.0,18.0,0.22,-2.0,140,338,41.4,348,57,62.9,46.8,147,81.0,59.0,170,15,8.8,16.0,0.89,14.6,a07f1a3d-9d14-4c8e-9bf9-d4bd6c4ed51a,2022-07-11 20:17:28.746521+00:00
d5eed1df-ca76-4041-8e56-38962c935fbc,1d2d5cc8,Steve Mandanda,2021-2022,FRA,GK,Marseille,Ligue 1,1985,9,9,810,9.0,0,0,0,0,0,0,0,0.0,0.0,0.0,0.0,0.0,0.0,0.0,0.0,0.0,0.0,0.0,0.0,0.0,7,0.78,26,19,73.1,6,2,1,5,55.6,0,0,0.0,5.4,0.21,-0.6,54,124,43.5,332,37,29.2,32.0,64,42.2,40.4,81,6,7.4,13.0,1.44,18.6,a07f1a3d-9d14-4c8e-9bf9-d4bd6c4ed51a,2022-07-11 20:17:28.757517+00:00
dbb9e8ff-dc45-4e75-b0e0-fa34e255568e,f7d3a773,Anthony Mandrea,2021-2022,ALG,GK,Angers,Ligue 1,1996,10,10,900,10.0,0,0,0,0,0,0,0,0.0,0.0,0.0,0.0,0.0,0.0,0.0,0.0,0.0,0.0,0.0,0.0,0.0,14,1.4,45,32,68.9,3,3,4,2,20.0,0,0,0.0,13.7,0.31,0.7,42,151,27.8,189,40,54.0,44.7,86,57.0,47.0,122,5,4.1,3.0,0.3,12.7,a07f1a3d-9d14-4c8e-9bf9-d4bd6c4ed51a,2022-07-11 20:17:28.768085+00:00
db426d7f-007a-49c1-8dc7-6667ab23add6,880fcdbb,Davide Marfella,2021-2022,ITA,GK,Napoli,Serie A,1999,1,0,11,0.1,0,0,0,0,0,0,0,0.0,0.0,0.0,0.0,0.0,0.0,0.0,0.0,0.0,0.0,0.0,0.0,0.0,0,0.0,1,1,100.0,0,0,0,1,0.0,0,0,0.0,0.5,0.45,0.5,0,0,0.0,1,1,0.0,10.0,0,0.0,0.0,0,0,0.0,0.0,0.0,0.0,a07f1a3d-9d14-4c8e-9bf9-d4bd6c4ed51a,2022-07-11 20:17:28.778693+00:00
22b44594-b2d8-4946-a47f-b42f13415683,7956236f,Emiliano Martinez,2021-2022,ARG,GK,Aston Villa,Premier League,1992,36,36,3240,36.0,0,0,0,0,0,4,0,0.0,0.0,0.0,0.0,0.0,0.0,0.0,0.0,0.0,0.0,0.0,0.0,0.0,48,1.33,136,93,67.6,13,6,17,11,30.6,4,1,20.0,40.8,0.27,-5.2,205,491,41.8,807,141,45.1,38.7,274,46.4,40.0,282,17,6.0,25.0,0.69,14.0,a07f1a3d-9d14-4c8e-9bf9-d4bd6c4ed51a,2022-07-11 20:17:28.789603+00:00
90717eeb-f2a0-4a2e-a6b2-d7f5292d7198,11d8aff0,Josep Martinez,2021-2022,ESP,GK,RB Leipzig,Bundesliga,1998,1,1,90,1.0,0,0,0,0,0,0,0,0.0,0.0,0.0,0.0,0.0,0.0,0.0,0.0,0.0,0.0,0.0,0.0,0.0,3,3.0,4,1,25.0,0,0,1,0,0.0,0,0,0.0,1.9,0.48,-1.1,2,5,40.0,15,1,26.7,35.1,7,14.3,34.3,3,0,0.0,3.0,3.0,26.5,a07f1a3d-9d14-4c8e-9bf9-d4bd6c4ed51a,2022-07-11 20:17:28.801978+00:00
154248fa-6dfd-4861-9b29-35f8f7731ee3,3318286e,Luis Maximiano,2021-2022,POR,GK,Granada,La Liga,1999,34,34,3046,33.8,0,0,0,0,0,2,0,0.0,0.0,0.0,0.0,0.0,0.0,0.0,0.0,0.0,0.0,0.0,0.0,0.0,54,1.6,170,121,71.2,8,12,14,7,20.6,5,2,28.6,58.3,0.31,5.3,265,775,34.2,837,145,61.6,47.2,336,77.1,55.7,375,26,6.9,41.0,1.18,15.9,a07f1a3d-9d14-4c8e-9bf9-d4bd6c4ed51a,2022-07-11 20:17:28.813815+00:00
623da782-0b83-455e-beae-8bde6ca99d32,36c2ca73,Alex McCarthy,2021-2022,ENG,GK,Southampton,Premier League,1989,17,17,1530,17.0,0,0,0,0,0,1,0,0.0,0.0,0.0,0.0,0.0,0.0,0.0,0.0,0.0,0.0,0.0,0.0,0.0,27,1.59,71,43,62.0,3,7,7,5,29.4,0,0,0.0,24.8,0.36,-2.2,83,268,31.0,383,73,46.5,39.9,127,70.9,53.6,152,17,11.2,3.0,0.18,12.1,a07f1a3d-9d14-4c8e-9bf9-d4bd6c4ed51a,2022-07-11 20:17:28.824971+00:00
d8b7b087-78ee-4465-8a5e-b2781148b4ec,33887998,Edouard Mendy,2021-2022,SEN,GK,Chelsea,Premier League,1992,34,34,3060,34.0,0,0,0,0,0,3,0,0.0,0.0,0.0,0.0,0.0,0.0,0.0,0.0,0.0,0.0,0.0,0.0,0.0,31,0.91,95,70,73.7,19,10,5,14,41.2,6,0,0.0,29.6,0.26,-0.4,114,248,46.0,763,129,24.8,28.7,176,33.5,30.3,243,19,7.8,19.0,0.56,13.8,a07f1a3d-9d14-4c8e-9bf9-d4bd6c4ed51a,2022-07-11 20:17:28.835609+00:00
bb736fc9-4eaa-4548-bcfb-ff3dd870436c,9413b19f,Alex Meret,2021-2022,ITA,GK,Napoli,Serie A,1997,7,7,619,6.9,0,0,0,0,0,0,0,0.0,0.0,0.0,0.0,0.0,0.0,0.0,0.0,0.0,0.0,0.0,0.0,0.0,6,0.87,29,23,79.3,5,1,1,3,42.9,0,0,0.0,6.4,0.22,0.4,21,37,56.8,156,43,19.2,27.2,37,18.9,27.3,57,3,5.3,3.0,0.44,12.7,a07f1a3d-9d14-4c8e-9bf9-d4bd6c4ed51a,2022-07-11 20:17:28.846836+00:00
76406be1-18b8-4d18-87c6-7f8b7f8d730d,6b625ac2,Illan Meslier,2021-2022,FRA,GK,Leeds United,Premier League,2000,38,38,3384,37.6,0,0,0,0,0,2,0,0.0,0.0,0.0,0.0,0.0,0.0,0.0,0.0,0.0,0.0,0.0,0.0,0.0,79,2.1,215,139,65.6,9,11,18,5,13.2,5,0,0.0,70.2,0.31,-7.8,166,511,32.5,1090,256,35.3,32.9,287,43.9,38.9,245,21,8.6,37.0,0.98,14.7,a07f1a3d-9d14-4c8e-9bf9-d4bd6c4ed51a,2022-07-11 20:17:28.857761+00:00
863bb51a-83d9-486f-a73c-512bd96db37d,9fa26bc2,Vanja Milinkovic-Savic,2021-2022,SRB,GK,Torino,Serie A,1997,27,27,2430,27.0,0,0,0,0,0,3,0,0.0,0.0,0.0,0.0,0.1,0.1,0.0,0.1,0.0,0.0,0.0,0.0,0.0,33,1.22,73,47,64.4,9,7,11,4,14.8,7,1,12.5,27.5,0.29,-5.5,224,701,32.0,860,96,63.4,50.9,171,91.2,70.7,150,10,6.7,15.0,0.56,14.1,a07f1a3d-9d14-4c8e-9bf9-d4bd6c4ed51a,2022-07-11 20:17:28.868491+00:00
9c437969-d5c7-46bd-9951-775c846488b1,c1d95617,Lorenzo Montipo,2021-2022,ITA,GK,Hellas Verona,Serie A,1996,34,34,3060,34.0,0,0,0,0,0,1,0,0.0,0.0,0.0,0.0,0.0,0.0,0.0,0.0,0.0,0.0,0.0,0.0,0.0,50,1.47,135,85,64.4,13,10,11,4,11.8,2,1,33.3,43.3,0.3,-4.7,230,640,35.9,748,120,64.3,46.9,232,68.5,49.3,311,16,5.1,13.0,0.38,13.4,a07f1a3d-9d14-4c8e-9bf9-d4bd6c4ed51a,2022-07-11 20:17:28.879319+00:00
aeab1004-e77e-4562-94ea-20867d8307c1,28a65a2c,Jessy Moulin,2021-2022,FRA,GK,Troyes,Ligue 1,1986,7,7,630,7.0,0,0,0,0,0,3,1,0.0,0.0,0.0,0.0,0.0,0.0,0.0,0.0,0.0,0.0,0.0,0.0,0.0,8,1.14,21,15,71.4,1,3,3,1,14.3,2,0,0.0,8.0,0.31,0.0,35,100,35.0,160,40,40.6,39.0,77,45.5,39.6,69,6,8.7,5.0,0.71,13.8,a07f1a3d-9d14-4c8e-9bf9-d4bd6c4ed51a,2022-07-11 20:17:28.890252+00:00
22c139a4-2f52-4b9a-9979-eb3f25f4b630,cbac6ec9,Florian Muller,2021-2022,GER,GK,Stuttgart,Bundesliga,1997,30,30,2700,30.0,0,0,0,0,0,0,0,0.0,0.0,0.0,0.0,0.0,0.0,0.0,0.0,0.0,0.0,0.0,0.0,0.0,52,1.73,132,83,63.6,7,10,13,4,13.3,4,0,0.0,40.8,0.29,-10.2,140,290,48.3,771,147,26.7,29.9,241,34.9,32.9,288,15,5.2,29.0,0.97,14.8,a07f1a3d-9d14-4c8e-9bf9-d4bd6c4ed51a,2022-07-11 20:17:28.902827+00:00
a47635f1-874f-41fb-8b98-92beb9306866,a111cf41,Juan Musso,2021-2022,ARG,GK,Atalanta,Serie A,1994,33,33,2932,32.6,0,0,0,0,0,1,1,0.0,0.0,0.0,0.0,0.0,0.0,0.0,0.0,0.0,0.0,0.0,0.0,0.0,42,1.29,116,79,66.4,16,8,9,8,24.2,3,0,0.0,35.0,0.28,-4.0,173,396,43.7,742,167,33.0,34.1,209,72.2,52.4,214,23,10.7,29.0,0.89,16.0,a07f1a3d-9d14-4c8e-9bf9-d4bd6c4ed51a,2022-07-11 20:17:28.915137+00:00
4c8255a3-6bcb-4b2e-9b2f-35b285099ad7,2d70dbe5,Paul Nardi,2021-2022,FRA,GK,Lorient,Ligue 1,1994,22,22,1980,22.0,0,0,0,0,0,1,0,0.0,0.0,0.0,0.0,0.0,0.0,0.0,0.0,0.0,0.0,0.0,0.0,0.0,38,1.73,88,56,61.4,3,8,11,4,18.2,4,0,0.0,31.7,0.32,-4.3,81,317,25.6,361,75,51.0,43.3,176,75.6,58.9,209,6,2.9,7.0,0.32,13.1,a07f1a3d-9d14-4c8e-9bf9-d4bd6c4ed51a,2022-07-11 20:17:28.927127+00:00
68b60ab5-2889-4e59-9199-a58ebbc515c1,ecada4fc,Keylor Navas,2021-2022,CRC,GK,Paris S-G,Ligue 1,1986,21,21,1856,20.6,0,0,0,0,0,0,1,0.0,0.0,0.0,0.0,0.0,0.0,0.0,0.0,0.0,0.0,0.0,0.0,0.0,18,0.87,76,60,78.9,13,6,2,8,38.1,2,0,0.0,18.4,0.22,0.4,45,84,53.6,413,96,16.5,27.0,139,11.5,22.4,155,8,5.2,11.0,0.53,13.4,a07f1a3d-9d14-4c8e-9bf9-d4bd6c4ed51a,2022-07-11 20:17:28.938713+00:00
a98bd516-ec0a-4047-ae6d-f8f591ddf351,a9dc785c,Neto,2021-2022,BRA,GK,Barcelona,La Liga,1989,3,3,270,3.0,0,0,0,0,0,0,0,0.0,0.0,0.0,0.0,0.0,0.0,0.0,0.0,0.0,0.01,0.01,0.0,0.01,4,1.33,14,10,71.4,2,1,0,0,0.0,0,0,0.0,4.0,0.29,0.0,26,48,54.2,108,18,41.7,36.1,22,13.6,28.2,25,1,4.0,2.0,0.67,14.3,a07f1a3d-9d14-4c8e-9bf9-d4bd6c4ed51a,2022-07-11 20:17:28.950391+00:00
26a31bff-1688-4c2a-a578-9f1c64cb0a36,8778c910,Manuel Neuer,2021-2022,GER,GK,Bayern Munich,Bundesliga,1986,28,28,2510,27.9,0,0,0,0,0,0,0,0.0,0.0,0.0,0.0,0.0,0.0,0.0,0.0,0.0,0.0,0.0,0.0,0.0,26,0.93,89,64,71.9,22,4,2,10,35.7,1,0,0.0,24.8,0.27,-1.2,172,294,58.5,1072,158,25.2,30.7,166,14.5,27.5,191,12,6.3,41.0,1.47,19.8,a07f1a3d-9d14-4c8e-9bf9-d4bd6c4ed51a,2022-07-11 20:17:28.961253+00:00
de53e890-31a8-43e6-b93c-8392c0d09b1e,afb0c500,Alexander Nubel,2021-2022,GER,GK,Monaco,Ligue 1,1996,38,38,3420,38.0,0,0,0,0,0,1,0,0.0,0.0,0.0,0.0,0.0,0.0,0.0,0.0,0.0,0.0,0.0,0.0,0.0,40,1.05,135,106,76.3,20,9,9,11,28.9,8,0,0.0,43.5,0.27,6.5,197,472,41.7,846,164,37.5,35.9,278,55.8,46.0,275,10,3.6,20.0,0.53,14.7,a07f1a3d-9d14-4c8e-9bf9-d4bd6c4ed51a,2022-07-11 20:17:28.971912+00:00
5cf74331-2fdc-47a3-8e65-40710cd15c97,ee8508c0,Jan Oblak,2021-2022,SVN,GK,Atlético Madrid,La Liga,1993,38,38,3420,38.0,0,0,0,0,0,2,0,0.0,0.0,0.0,0.0,0.0,0.0,0.0,0.0,0.0,0.0,0.0,0.0,0.0,43,1.13,96,62,62.5,21,8,9,12,31.6,7,1,12.5,33.9,0.28,-6.1,203,647,31.4,812,149,55.9,44.1,283,68.2,51.5,292,20,6.8,16.0,0.42,14.0,a07f1a3d-9d14-4c8e-9bf9-d4bd6c4ed51a,2022-07-11 20:17:28.982469+00:00
67336149-5ac1-434f-b866-54de340d4e0c,b5bdf144,Oier Olazabal,2021-2022,ESP,GK,Espanyol,La Liga,1989,2,1,135,1.5,0,0,0,0,0,0,0,0.0,0.0,0.0,0.0,0.0,0.0,0.0,0.0,0.0,0.0,0.0,0.0,0.0,1,0.67,7,7,100.0,0,0,1,1,100.0,1,0,0.0,2.9,0.28,1.9,10,29,34.5,33,5,57.6,42.5,10,100.0,60.4,19,0,0.0,0.0,0.0,9.0,a07f1a3d-9d14-4c8e-9bf9-d4bd6c4ed51a,2022-07-11 20:17:28.993970+00:00
bd1afd0e-69c7-46e6-8c61-ddeb58368252,e7ee38c3,Robin Olsen,2021-2022,SWE,GK,Aston Villa,Premier League,1990,1,1,90,1.0,0,0,0,0,0,0,0,0.0,0.0,0.0,0.0,0.0,0.0,0.0,0.0,0.0,0.0,0.0,0.0,0.0,3,3.0,5,2,40.0,0,0,1,0,0.0,0,0,0.0,2.6,0.52,-0.4,11,32,34.4,28,6,64.3,45.9,20,70.0,54.0,12,1,8.3,0.0,0.0,9.7,a07f1a3d-9d14-4c8e-9bf9-d4bd6c4ed51a,2022-07-11 20:17:29.006327+00:00
2a3c3f72-0506-49e5-8798-64e4e7dd0865,c631f952,Jonas Omlin,2021-2022,SUI,GK,Montpellier,Ligue 1,1994,29,29,2587,28.7,0,0,0,0,0,0,1,0.0,0.0,0.0,0.0,0.0,0.0,0.0,0.0,0.0,0.0,0.0,0.0,0.0,41,1.43,153,115,75.2,10,4,15,8,27.6,3,1,25.0,41.2,0.25,0.2,165,383,43.1,818,180,32.4,33.3,265,44.5,39.9,305,24,7.9,17.0,0.59,13.9,a07f1a3d-9d14-4c8e-9bf9-d4bd6c4ed51a,2022-07-11 20:17:29.017845+00:00
c721dd98-9c18-4724-b9ad-19f0e27e2ce0,c1242d4e,Stefan Ortega,2021-2022,GER,GK,Arminia,Bundesliga,1992,33,33,2970,33.0,0,0,0,0,0,1,0,0.0,0.0,0.0,0.0,0.0,0.0,0.4,0.4,0.0,0.01,0.01,0.0,0.01,53,1.61,172,124,73.3,4,13,16,6,18.2,7,0,0.0,58.4,0.31,7.4,471,980,48.1,1447,87,54.6,44.4,311,61.1,49.6,307,12,3.9,35.0,1.06,15.8,a07f1a3d-9d14-4c8e-9bf9-d4bd6c4ed51a,2022-07-11 20:17:29.029125+00:00
e80b1449-b97d-466a-9606-b90deab90eb5,82b1198a,David Ospina,2021-2022,COL,GK,Napoli,Serie A,1988,31,31,2790,31.0,0,0,0,0,0,1,0,0.0,0.0,0.0,0.0,0.0,0.0,0.0,0.0,0.0,0.0,0.0,0.0,0.0,25,0.81,104,81,76.9,19,6,6,13,41.9,1,0,0.0,29.2,0.28,5.2,131,289,45.3,854,122,30.2,31.8,142,21.8,25.9,208,17,8.2,19.0,0.61,14.9,a07f1a3d-9d14-4c8e-9bf9-d4bd6c4ed51a,2022-07-11 20:17:29.040272+00:00
f94c1814-97e8-49ce-a8a1-67da7af05883,ae7d0ecd,Alexandre Oukidja,2021-2022,ALG,GK,Metz,Ligue 1,1988,21,21,1875,20.8,0,0,0,0,0,2,1,0.0,0.0,0.0,0.0,0.0,0.0,0.0,0.0,0.0,0.0,0.0,0.0,0.0,39,1.87,88,53,59.1,2,8,11,3,14.3,3,0,0.0,34.5,0.36,-2.5,157,363,43.3,421,129,54.6,44.9,168,79.2,58.2,178,29,16.3,26.0,1.25,16.4,a07f1a3d-9d14-4c8e-9bf9-d4bd6c4ed51a,2022-07-11 20:17:29.051536+00:00
f175ba47-6cd2-40e7-aca9-2026a68d92bb,d6e3d7fb,Jesus Owono,2021-2022,EQG,GK,Alavés,La Liga,2001,1,1,90,1.0,0,0,0,0,0,0,0,0.0,0.0,0.0,0.0,0.0,0.0,0.0,0.0,0.0,0.0,0.0,0.0,0.0,1,1.0,4,3,75.0,0,1,0,0,0.0,0,0,0.0,0.7,0.16,-0.3,9,21,42.9,20,2,90.0,60.0,3,100.0,75.0,4,0,0.0,2.0,2.0,15.7,a07f1a3d-9d14-4c8e-9bf9-d4bd6c4ed51a,2022-07-11 20:17:29.062284+00:00
70d262c9-d67c-4044-a4d1-803fcd6303c9,97852360,Fernando Pacheco,2021-2022,ESP,GK,Alavés,La Liga,1992,34,34,3053,33.9,0,0,0,0,0,1,0,0.0,0.0,0.0,0.0,0.0,0.0,0.3,0.3,0.0,0.01,0.01,0.0,0.01,60,1.77,139,83,60.4,8,5,21,6,17.6,5,3,37.5,54.3,0.35,-5.7,367,742,49.5,718,81,70.6,50.4,308,76.3,53.3,337,28,8.3,24.0,0.71,14.6,a07f1a3d-9d14-4c8e-9bf9-d4bd6c4ed51a,2022-07-11 20:17:29.073071+00:00
d81dee9f-b8d7-4207-a3d1-39d78747f99e,cf1c23d8,Daniele Padelli,2021-2022,ITA,GK,Udinese,Serie A,1985,3,3,270,3.0,0,0,0,0,0,0,0,0.0,0.0,0.0,0.0,0.0,0.0,0.0,0.0,0.0,0.0,0.0,0.0,0.0,8,2.67,23,13,65.2,1,0,2,1,33.3,0,0,0.0,7.2,0.32,-0.8,13,43,30.2,89,19,36.0,31.0,22,50.0,40.5,38,3,7.9,1.0,0.33,12.1,a07f1a3d-9d14-4c8e-9bf9-d4bd6c4ed51a,2022-07-11 20:17:29.084263+00:00
09afa11e-cde2-4c68-b554-456410b9cc2c,457cb02f,Ivor Pandur,2021-2022,CRO,GK,Hellas Verona,Serie A,2000,3,3,270,3.0,0,0,0,0,0,0,0,0.0,0.0,0.0,0.0,0.0,0.0,0.0,0.0,0.0,0.0,0.0,0.0,0.0,6,2.0,14,9,64.3,1,0,2,0,0.0,1,0,0.0,5.1,0.29,-0.9,14,26,53.8,53,10,37.7,36.8,15,40.0,34.2,9,1,11.1,0.0,0.0,12.3,a07f1a3d-9d14-4c8e-9bf9-d4bd6c4ed51a,2022-07-11 20:17:29.096558+00:00
c341f97a-4cdb-4b98-a66c-92f7b1e4adf8,79b0d6a0,Rui Patricio,2021-2022,POR,GK,Roma,Serie A,1988,38,38,3420,38.0,0,0,0,0,0,2,0,0.0,0.0,0.0,0.0,0.0,0.0,0.4,0.4,0.0,0.01,0.01,0.0,0.01,43,1.13,141,103,73.0,18,9,11,15,39.5,5,1,16.7,39.6,0.24,-1.4,204,442,46.2,850,138,42.1,36.7,221,38.0,35.0,245,5,2.0,18.0,0.47,13.2,a07f1a3d-9d14-4c8e-9bf9-d4bd6c4ed51a,2022-07-11 20:17:29.110434+00:00
be71e508-5b67-410f-9e88-eba479be3e39,f058ed1f,Gianluca Pegolo,2021-2022,ITA,GK,Sassuolo,Serie A,1981,1,1,90,1.0,0,0,0,0,0,0,0,0.0,0.0,0.0,0.0,0.0,0.0,0.0,0.0,0.0,0.0,0.0,0.0,0.0,3,3.0,5,2,40.0,0,0,1,0,0.0,0,0,0.0,1.8,0.36,-1.2,6,10,60.0,26,4,30.8,31.0,8,25.0,25.6,12,0,0.0,0.0,0.0,12.8,a07f1a3d-9d14-4c8e-9bf9-d4bd6c4ed51a,2022-07-11 20:17:29.124664+00:00
01a70b56-a144-4f68-a1be-84ce55995b6f,c41f7379,Philipp Pentke,2021-2022,GER,GK,Hoffenheim,Bundesliga,1985,1,1,90,1.0,0,0,0,0,0,0,0,0.0,0.0,0.0,0.0,0.0,0.0,0.0,0.0,0.0,0.0,0.0,0.0,0.0,3,3.0,7,4,57.1,1,0,0,0,0.0,0,0,0.0,2.3,0.33,-0.7,4,11,36.4,33,5,30.3,29.5,7,14.3,27.4,8,0,0.0,1.0,1.0,13.6,a07f1a3d-9d14-4c8e-9bf9-d4bd6c4ed51a,2022-07-11 20:17:29.136703+00:00
f37a508e-c534-4971-8f2b-9124439cc1d4,8f29e08b,Juan Perez,2021-2022,ESP,GK,Osasuna,La Liga,1996,2,2,180,2.0,0,0,0,0,0,0,0,0.0,0.0,0.0,0.0,0.0,0.0,0.0,0.0,0.0,0.0,0.0,0.0,0.0,3,1.5,4,2,25.0,0,1,1,0,0.0,0,0,0.0,0.9,0.23,-1.1,8,31,25.8,33,6,69.7,49.6,9,88.9,65.2,12,1,8.3,3.0,1.5,17.2,a07f1a3d-9d14-4c8e-9bf9-d4bd6c4ed51a,2022-07-11 20:17:29.148663+00:00
230e8cda-db3c-4345-a770-8aa3738f7834,4c62d0c8,Mattia Perin,2021-2022,ITA,GK,Juventus,Serie A,1992,5,5,405,4.5,0,0,0,0,0,0,0,0.0,0.0,0.0,0.0,0.0,0.0,0.0,0.0,0.0,0.0,0.0,0.0,0.0,7,1.56,16,10,56.3,2,1,2,1,20.0,0,0,0.0,5.8,0.36,-0.2,17,42,40.5,111,14,32.4,34.6,26,23.1,28.5,40,2,5.0,0.0,0.0,9.7,a07f1a3d-9d14-4c8e-9bf9-d4bd6c4ed51a,2022-07-11 20:17:29.161219+00:00
0a0a350c-18b7-4410-afd6-f0a2c5dc28a4,c89e8aae,Pavao Pervan,2021-2022,AUT,GK,Wolfsburg,Bundesliga,1987,6,6,540,6.0,0,0,0,0,0,0,0,0.0,0.0,0.0,0.0,0.0,0.0,0.0,0.0,0.0,0.0,0.0,0.0,0.0,14,2.33,36,23,63.9,1,0,5,1,16.7,1,0,0.0,8.0,0.2,-5.0,24,70,34.3,155,27,38.1,35.3,45,24.4,26.4,59,3,5.1,5.0,0.83,14.0,a07f1a3d-9d14-4c8e-9bf9-d4bd6c4ed51a,2022-07-11 20:17:29.172768+00:00
dfffd438-8bc6-47af-a799-d4248862db4e,b98cea65,Danijel Petkovic,2021-2022,MNE,GK,Angers,Ligue 1,1993,15,15,1350,15.0,0,0,0,0,0,1,0,0.0,0.0,0.0,0.0,0.0,0.0,0.0,0.0,0.0,0.0,0.0,0.0,0.0,22,1.47,62,44,67.7,3,3,9,2,13.3,2,1,33.3,16.4,0.24,-3.6,52,155,33.5,340,90,30.3,32.3,120,43.3,38.7,133,12,9.0,10.0,0.67,12.5,a07f1a3d-9d14-4c8e-9bf9-d4bd6c4ed51a,2022-07-11 20:17:29.185473+00:00
b1cb41cb-0a56-4ce6-9f13-0596ea4c17a8,4806ec67,Jordan Pickford,2021-2022,ENG,GK,Everton,Premier League,1994,35,35,3150,35.0,0,0,0,0,0,2,0,0.0,0.0,0.0,0.0,0.0,0.0,0.1,0.1,0.0,0.0,0.0,0.0,0.0,58,1.66,167,114,65.9,10,6,19,7,20.0,1,0,0.0,54.1,0.32,0.1,291,821,35.4,871,108,69.3,53.0,264,82.2,64.9,310,22,7.1,26.0,0.74,15.2,a07f1a3d-9d14-4c8e-9bf9-d4bd6c4ed51a,2022-07-11 20:17:29.197384+00:00
4f6d88f3-60c4-4a02-885c-b412384ddd1e,f6a06749,Carlo Pinsoglio,2021-2022,ITA,GK,Juventus,Serie A,1990,1,0,45,0.5,0,0,0,0,0,0,0,0.0,0.0,0.0,0.0,0.0,0.0,0.0,0.0,0.0,0.0,0.0,0.0,0.0,1,2.0,1,1,100.0,0,0,0,0,0.0,1,0,0.0,1.0,0.06,0.0,4,5,80.0,10,0,40.0,33.1,1,100.0,53.0,7,0,0.0,0.0,0.0,0.0,a07f1a3d-9d14-4c8e-9bf9-d4bd6c4ed51a,2022-07-11 20:17:29.208960+00:00
7d2321e7-56b0-4c0f-8401-a937fefac464,d6f6ce93,Julian Pollersbeck,2021-2022,GER,GK,Lyon,Ligue 1,1994,6,4,436,4.8,0,0,0,0,0,0,0,0.0,0.0,0.0,0.0,0.0,0.0,0.0,0.0,0.0,0.0,0.0,0.0,0.0,6,1.24,21,19,90.5,3,0,1,1,25.0,4,0,0.0,6.2,0.13,0.2,22,43,51.2,143,22,23.1,28.7,33,30.3,30.2,26,3,11.5,3.0,0.62,15.9,a07f1a3d-9d14-4c8e-9bf9-d4bd6c4ed51a,2022-07-11 20:17:29.221275+00:00
5f6ca4d0-7c4c-49f2-9a47-3e89230a86c0,4b40d9ca,Nick Pope,2021-2022,ENG,GK,Burnley,Premier League,1992,36,36,3240,36.0,0,0,0,0,0,1,0,0.0,0.0,0.0,0.0,0.0,0.0,0.2,0.2,0.0,0.01,0.01,0.0,0.01,47,1.31,159,116,73.6,7,14,15,9,25.0,5,0,0.0,50.4,0.3,4.4,319,847,37.7,793,139,73.4,52.8,285,93.0,65.9,375,36,9.6,63.0,1.75,18.2,a07f1a3d-9d14-4c8e-9bf9-d4bd6c4ed51a,2022-07-11 20:17:29.232711+00:00
89f7a1fc-f67b-44b3-bab4-99aa0f180f3a,c252c705,Gaetan Poussin,2021-2022,FRA,GK,Bordeaux,Ligue 1,1999,13,13,1170,13.0,0,0,0,0,0,3,0,0.0,0.0,0.0,0.0,0.0,0.0,0.0,0.0,0.0,0.0,0.0,0.0,0.0,29,2.23,56,31,51.8,3,5,5,2,15.4,2,2,50.0,23.6,0.36,-3.4,96,218,44.0,371,55,42.0,36.7,110,56.4,44.0,116,3,2.6,23.0,1.77,15.9,a07f1a3d-9d14-4c8e-9bf9-d4bd6c4ed51a,2022-07-11 20:17:29.243902+00:00
0c2d99b8-eb87-4b6b-a367-f24ffac147de,f38284bb,Alejandro Primo,2021-2022,ESP,GK,Levante,La Liga,2004,1,1,90,1.0,0,0,0,0,0,0,0,0.0,0.0,0.0,0.0,0.0,0.0,0.0,0.0,0.0,0.0,0.0,0.0,0.0,1,1.0,2,1,50.0,1,0,0,0,0.0,0,0,0.0,0.4,0.19,-0.6,4,9,44.4,18,0,38.9,32.9,8,25.0,23.1,10,0,0.0,0.0,0.0,9.0,a07f1a3d-9d14-4c8e-9bf9-d4bd6c4ed51a,2022-07-11 20:17:29.255038+00:00
85635f07-bd04-4a12-8dce-fdf780464863,277da414,Ivan Provedel,2021-2022,ITA,GK,Spezia,Serie A,1994,31,31,2761,30.7,0,0,0,0,0,2,0,0.0,0.0,0.0,0.0,0.0,0.0,0.0,0.0,0.0,0.0,0.0,0.0,0.0,52,1.7,155,112,72.3,9,5,17,7,22.6,9,1,10.0,51.7,0.29,2.7,269,697,38.6,956,125,55.5,45.7,230,72.2,53.9,273,21,7.7,21.0,0.68,14.3,a07f1a3d-9d14-4c8e-9bf9-d4bd6c4ed51a,2022-07-11 20:17:29.266262+00:00
2de4c39e-c3a9-472f-84b9-ba7a5354e66d,67f649be,Ionut Radu,2021-2022,ROU,GK,Inter,Serie A,1997,1,1,90,1.0,0,0,0,0,0,0,0,0.0,0.0,0.0,0.0,0.0,0.0,0.0,0.0,0.0,0.0,0.0,0.0,0.0,2,2.0,3,1,33.3,0,0,1,0,0.0,0,0,0.0,1.5,0.52,-0.5,4,8,50.0,19,2,36.8,35.4,4,25.0,31.3,4,0,0.0,0.0,0.0,8.0,a07f1a3d-9d14-4c8e-9bf9-d4bd6c4ed51a,2022-07-11 20:17:29.277205+00:00
f5923339-68f8-447d-8c83-e630edf96a52,0dfce079,Boris Radunovic,2021-2022,SRB,GK,Cagliari,Serie A,1996,3,3,270,3.0,0,0,0,0,0,0,1,0.0,0.0,0.0,0.0,0.0,0.0,0.0,0.0,0.0,0.0,0.0,0.0,0.0,5,1.67,15,11,73.3,0,2,1,1,33.3,1,1,50.0,5.9,0.31,0.9,26,69,37.7,75,11,61.3,45.1,28,82.1,54.2,29,1,3.4,1.0,0.33,11.9,a07f1a3d-9d14-4c8e-9bf9-d4bd6c4ed51a,2022-07-11 20:17:29.288161+00:00
7ec35679-ee46-4359-9ea9-aa656109a00c,58ad9383,Predrag Rajkovic,2021-2022,SRB,GK,Reims,Ligue 1,1995,38,38,3420,38.0,0,0,0,0,0,3,0,0.0,0.0,0.0,0.0,0.0,0.0,0.0,0.0,0.0,0.0,0.0,0.0,0.0,44,1.16,152,114,74.3,11,13,14,11,28.9,5,1,16.7,41.9,0.25,-1.1,206,549,37.5,976,205,41.8,38.7,283,49.8,41.4,396,34,8.6,42.0,1.11,15.8,a07f1a3d-9d14-4c8e-9bf9-d4bd6c4ed51a,2022-07-11 20:17:29.298956+00:00
424c52a4-2e2b-46cf-8489-59d299413065,b90c4a43,Diant Ramaj,2021-2022,GER,GK,Eint Frankfurt,Bundesliga,2001,1,1,90,1.0,0,0,0,0,0,0,0,0.0,0.0,0.0,0.0,0.0,0.0,0.0,0.0,0.0,0.0,0.0,0.0,0.0,1,1.0,4,3,75.0,0,1,0,0,0.0,0,0,0.0,0.9,0.22,-0.1,5,17,29.4,36,6,38.9,35.7,4,75.0,49.0,20,3,15.0,2.0,2.0,17.4,a07f1a3d-9d14-4c8e-9bf9-d4bd6c4ed51a,2022-07-11 20:17:29.309398+00:00
c766d4dd-5279-4eba-a7f7-20ce194df733,466fb2c5,Aaron Ramsdale,2021-2022,ENG,GK,Arsenal,Premier League,1998,34,34,3060,34.0,0,0,0,0,0,1,0,0.0,0.0,0.0,0.0,0.0,0.0,0.0,0.0,0.0,0.0,0.0,0.0,0.0,39,1.15,122,84,72.1,21,3,10,12,35.3,5,0,0.0,33.4,0.24,-4.6,176,521,33.8,964,157,39.6,37.0,192,72.4,57.2,260,21,8.1,35.0,1.03,16.0,a07f1a3d-9d14-4c8e-9bf9-d4bd6c4ed51a,2022-07-11 20:17:29.321361+00:00
b2fa7463-60de-4dc0-a40f-2ead28123f68,d7a35008,Nicola Ravaglia,2021-2022,ITA,GK,Sampdoria,Serie A,1988,1,0,5,0.1,0,0,0,0,0,0,0,0.0,0.0,0.0,0.0,0.0,0.0,0.0,0.0,0.0,0.0,0.0,0.0,0.0,1,18.0,0,0,0.0,0,0,0,0,0.0,1,0,0.0,0.9,0.0,-0.1,2,4,50.0,2,0,100.0,58.0,2,100.0,66.0,0,0,0.0,0.0,0.0,0.0,a07f1a3d-9d14-4c8e-9bf9-d4bd6c4ed51a,2022-07-11 20:17:29.332646+00:00
0fc5c4be-16ff-47a7-8ff0-d58bb87794d2,98ea5115,David Raya,2021-2022,ESP,GK,Brentford,Premier League,1995,24,24,2160,24.0,0,0,0,0,0,1,0,0.0,0.0,0.0,0.0,0.0,0.0,0.0,0.0,0.0,0.0,0.0,0.0,0.0,27,1.13,99,75,76.8,10,5,9,8,33.3,4,0,0.0,27.5,0.24,0.5,254,577,44.0,851,116,50.8,41.5,200,72.5,53.7,230,15,6.5,26.0,1.08,15.0,a07f1a3d-9d14-4c8e-9bf9-d4bd6c4ed51a,2022-07-11 20:17:29.343958+00:00
3d6adfcc-4c22-484e-8673-779e62b3dd49,605eb473,Manolo Reina,2021-2022,ESP,GK,Mallorca,La Liga,1985,21,21,1890,21.0,0,0,0,0,0,5,1,0.0,0.0,0.0,0.0,0.0,0.0,0.3,0.3,0.0,0.02,0.02,0.0,0.02,26,1.24,72,47,66.7,6,9,6,8,38.1,2,1,33.3,24.6,0.3,-0.4,145,381,38.1,457,69,58.2,46.1,183,62.8,47.7,219,15,6.8,11.0,0.52,14.4,a07f1a3d-9d14-4c8e-9bf9-d4bd6c4ed51a,2022-07-11 20:17:29.354574+00:00
f9815590-c91c-4945-b801-5d8f8b60a6af,e358587b,Pepe Reina,2021-2022,ESP,GK,Lazio,Serie A,1982,15,15,1350,15.0,0,1,0,0,0,3,0,0.0,0.07,0.07,0.07,0.0,0.0,0.3,0.3,0.0,0.02,0.02,0.0,0.02,29,1.93,56,30,55.4,6,4,5,2,13.3,4,0,0.0,24.2,0.37,-4.8,99,182,54.4,426,70,35.0,33.2,99,33.3,32.1,120,6,5.0,10.0,0.67,13.9,a07f1a3d-9d14-4c8e-9bf9-d4bd6c4ed51a,2022-07-11 20:17:29.365881+00:00
26e8ed18-c179-4eae-a5d9-589c37fe4099,374ee424,Alex Remiro,2021-2022,ESP,GK,Real Sociedad,La Liga,1995,35,35,3150,35.0,0,0,0,0,0,1,0,0.0,0.0,0.0,0.0,0.0,0.0,0.0,0.0,0.0,0.0,0.0,0.0,0.0,32,0.91,107,77,73.8,15,11,9,19,54.3,4,1,20.0,34.6,0.28,2.6,261,547,47.7,1009,118,40.2,36.3,242,58.3,47.8,305,22,7.2,37.0,1.06,15.8,a07f1a3d-9d14-4c8e-9bf9-d4bd6c4ed51a,2022-07-11 20:17:29.376796+00:00
ecb99d71-a649-42a7-93d3-2227630fe0c7,5f0241b2,Sergio Rico,2021-2022,ESP,GK,Mallorca,La Liga,1993,14,14,1260,14.0,0,0,0,0,0,0,0,0.0,0.0,0.0,0.0,0.0,0.0,0.0,0.0,0.0,0.0,0.0,0.0,0.0,29,2.07,52,28,50.0,4,0,10,1,7.1,3,1,25.0,22.4,0.37,-4.6,104,213,48.8,268,46,56.3,44.6,91,68.1,51.4,127,6,4.7,4.0,0.29,12.2,a07f1a3d-9d14-4c8e-9bf9-d4bd6c4ed51a,2022-07-11 20:17:29.387316+00:00
dd34fa92-ef9a-40bf-b9cc-e76d908875a1,5f0241b2,Sergio Rico,2021-2022,ESP,GK,Paris S-G,Ligue 1,1993,1,0,23,0.3,0,0,0,0,0,0,0,0.0,0.0,0.0,0.0,0.0,0.0,0.0,0.0,0.0,0.0,0.0,0.0,0.0,1,3.91,3,2,66.7,0,0,0,0,0.0,0,0,0.0,1.1,0.41,0.1,2,3,66.7,8,1,37.5,32.3,0,0.0,0.0,4,0,0.0,1.0,3.91,18.3,a07f1a3d-9d14-4c8e-9bf9-d4bd6c4ed51a,2022-07-11 20:17:29.397903+00:00
0cf9c1a6-c611-45b6-8df7-6701bd9cd004,9f941969,Manuel Riemann,2021-2022,GER,GK,Bochum,Bundesliga,1988,31,31,2790,31.0,0,1,0,0,1,2,0,0.0,0.03,0.03,0.03,0.8,0.0,0.7,0.7,0.02,0.02,0.05,0.0,0.02,45,1.45,149,110,71.8,10,6,15,7,22.6,3,2,40.0,51.7,0.33,10.7,572,1158,49.4,1403,102,69.9,49.4,245,72.7,52.4,247,26,10.5,62.0,2.0,18.4,a07f1a3d-9d14-4c8e-9bf9-d4bd6c4ed51a,2022-07-11 20:17:29.408797+00:00
2c7883dc-7a03-447a-ba58-75abfc085a4b,924ff27e,Leonardo Roman,2021-2022,ESP,GK,Mallorca,La Liga,2000,2,2,180,2.0,0,0,0,0,0,0,0,0.0,0.0,0.0,0.0,0.0,0.0,0.0,0.0,0.0,0.0,0.0,0.0,0.0,5,2.5,13,10,69.2,0,0,2,0,0.0,1,0,0.0,3.1,0.19,-0.9,12,32,37.5,53,6,47.2,39.7,16,43.8,38.7,21,2,9.5,3.0,1.5,17.0,a07f1a3d-9d14-4c8e-9bf9-d4bd6c4ed51a,2022-07-11 20:17:29.419386+00:00
eebf9d2a-62b3-4888-a918-ae693556afed,1e26e376,Sergio Romero,2021-2022,ARG,GK,Venezia,Serie A,1987,16,16,1440,16.0,0,0,0,0,0,2,0,0.0,0.0,0.0,0.0,0.0,0.0,0.2,0.2,0.0,0.01,0.01,0.0,0.01,33,2.06,99,74,72.7,3,4,9,3,18.8,6,0,0.0,31.6,0.28,0.6,119,266,44.7,449,101,44.5,38.1,141,46.8,39.3,159,11,6.9,8.0,0.5,12.1,a07f1a3d-9d14-4c8e-9bf9-d4bd6c4ed51a,2022-07-11 20:17:29.431075+00:00
01507085-e06b-4226-84e5-9096ff946b9b,7b5f516f,Francesco Rossi,2021-2022,ITA,GK,Atalanta,Serie A,1991,1,0,37,0.4,0,0,0,0,0,0,0,0.0,0.0,0.0,0.0,0.0,0.0,0.0,0.0,0.0,0.0,0.0,0.0,0.0,1,2.43,2,1,50.0,0,0,0,0,0.0,0,0,0.0,1.2,0.59,0.2,2,7,28.6,12,0,41.7,42.0,4,50.0,54.0,3,0,0.0,0.0,0.0,14.0,a07f1a3d-9d14-4c8e-9bf9-d4bd6c4ed51a,2022-07-11 20:17:29.443880+00:00
cd72327c-0c47-40d6-8bfc-45901963a9a1,da8b19e2,John Ruddy,2021-2022,ENG,GK,Wolves,Premier League,1986,2,1,135,1.5,0,0,0,0,0,0,0,0.0,0.0,0.0,0.0,0.0,0.0,0.0,0.0,0.0,0.0,0.0,0.0,0.0,3,2.0,7,4,57.1,0,1,0,0,0.0,0,0,0.0,2.3,0.33,-0.7,3,12,25.0,15,4,53.3,46.0,14,28.6,39.4,4,0,0.0,1.0,0.67,21.4,a07f1a3d-9d14-4c8e-9bf9-d4bd6c4ed51a,2022-07-11 20:17:29.454762+00:00
4c751c35-05f1-4db7-a6a1-56d4b790f4a4,625c144a,Geronimo Rulli,2021-2022,ARG,GK,Villarreal,La Liga,1992,32,32,2880,32.0,0,0,0,0,0,2,0,0.0,0.0,0.0,0.0,0.0,0.0,0.0,0.0,0.0,0.0,0.0,0.0,0.0,28,0.87,97,70,74.2,14,9,9,14,43.8,3,1,25.0,28.4,0.27,1.4,170,389,43.7,1072,161,27.7,33.8,209,44.0,40.5,306,27,8.8,31.0,0.97,15.5,a07f1a3d-9d14-4c8e-9bf9-d4bd6c4ed51a,2022-07-11 20:17:29.465799+00:00
01e8c087-24dc-4345-85be-385d0d5411e2,4535e4bb,Mathew Ryan,2021-2022,AUS,GK,Real Sociedad,La Liga,1992,3,3,270,3.0,0,0,0,0,0,0,0,0.0,0.0,0.0,0.0,0.0,0.0,0.0,0.0,0.0,0.0,0.0,0.0,0.0,5,1.67,15,11,73.3,2,0,1,1,33.3,1,0,0.0,5.0,0.28,0.0,20,58,34.5,88,14,51.1,42.2,19,68.4,49.3,36,4,11.1,1.0,0.33,14.2,a07f1a3d-9d14-4c8e-9bf9-d4bd6c4ed51a,2022-07-11 20:17:29.476549+00:00
7ff6dc14-c4e5-4db3-aff7-8b379b0a5909,a70b8345,Frederik Ronnow,2021-2022,DEN,GK,Union Berlin,Bundesliga,1992,7,7,630,7.0,0,0,0,0,0,1,0,0.0,0.0,0.0,0.0,0.0,0.0,0.0,0.0,0.0,0.0,0.0,0.0,0.0,5,0.71,18,14,72.2,5,2,0,2,28.6,0,0,0.0,4.1,0.23,0.1,52,137,38.0,212,28,51.9,40.8,43,62.8,49.5,55,8,14.5,3.0,0.43,17.3,a07f1a3d-9d14-4c8e-9bf9-d4bd6c4ed51a,2022-07-11 20:17:29.487172+00:00
abbb48ec-a13c-489f-93d5-e8e3f7f86038,903b6e8b,Jose Sa,2021-2022,POR,GK,Wolves,Premier League,1993,37,37,3285,36.5,0,1,0,0,0,3,0,0.0,0.03,0.03,0.03,0.0,0.0,1.0,1.0,0.0,0.03,0.03,0.0,0.03,40,1.1,150,120,79.3,15,5,17,11,29.7,9,0,0.0,48.2,0.27,9.2,166,486,34.2,830,197,42.7,39.3,259,51.0,42.7,315,34,10.8,40.0,1.1,15.3,a07f1a3d-9d14-4c8e-9bf9-d4bd6c4ed51a,2022-07-11 20:17:29.497866+00:00
36101fbd-a0b3-4ea3-b968-23f2c159526d,74733221,Romain Salin,2021-2022,FRA,GK,Rennes,Ligue 1,1984,1,1,90,1.0,0,0,0,0,0,0,0,0.0,0.0,0.0,0.0,0.0,0.0,0.0,0.0,0.0,0.0,0.0,0.0,0.0,2,2.0,3,1,33.3,0,0,1,0,0.0,0,0,0.0,1.0,0.32,-1.0,6,9,66.7,29,8,31.0,35.3,3,0.0,13.3,6,1,16.7,1.0,1.0,14.5,a07f1a3d-9d14-4c8e-9bf9-d4bd6c4ed51a,2022-07-11 20:17:29.508871+00:00
716ef2f2-ea90-4890-b486-20c6dd0b2e61,6a713852,Robert Sanchez,2021-2022,ESP,GK,Brighton,Premier League,1997,37,37,3329,37.0,0,0,0,0,0,3,1,0.0,0.0,0.0,0.0,0.0,0.0,0.4,0.4,0.0,0.01,0.01,0.0,0.01,42,1.14,140,100,72.1,12,15,10,11,29.7,3,0,0.0,43.2,0.29,1.2,196,618,31.7,1269,163,36.2,37.6,231,68.8,54.1,317,37,11.7,30.0,0.81,13.9,a07f1a3d-9d14-4c8e-9bf9-d4bd6c4ed51a,2022-07-11 20:17:29.519514+00:00
3c42cae1-0bd0-4415-a66e-d46972e3efd8,b1f0b916,Giacomo Satalino,2021-2022,ITA,GK,Sassuolo,Serie A,1999,1,0,8,0.1,0,0,0,0,0,0,0,0.0,0.0,0.0,0.0,0.0,0.0,0.0,0.0,0.0,0.0,0.0,0.0,0.0,0,0.0,1,1,100.0,0,0,0,0,0.0,0,0,0.0,0.1,0.14,0.1,0,0,0.0,0,0,0.0,0.0,1,0.0,17.0,1,0,0.0,0.0,0.0,0.0,a07f1a3d-9d14-4c8e-9bf9-d4bd6c4ed51a,2022-07-11 20:17:29.531097+00:00
6073323c-1337-4677-b136-5d295818b6e9,53af52f3,Kasper Schmeichel,2021-2022,DEN,GK,Leicester City,Premier League,1986,37,37,3330,37.0,0,0,0,0,0,2,0,0.0,0.0,0.0,0.0,0.0,0.0,0.0,0.0,0.0,0.0,0.0,0.0,0.0,58,1.57,176,125,71.0,13,10,14,7,18.9,7,2,22.2,56.3,0.29,-0.7,256,588,43.5,962,149,45.7,38.9,291,50.9,43.7,278,19,6.8,16.0,0.43,12.5,a07f1a3d-9d14-4c8e-9bf9-d4bd6c4ed51a,2022-07-11 20:17:29.542828+00:00
fbb4f1f7-aec4-4917-9191-99d070839bdf,87436846,Marvin Schwabe,2021-2022,GER,GK,Köln,Bundesliga,1995,21,21,1890,21.0,0,0,0,0,0,1,0,0.0,0.0,0.0,0.0,0.0,0.0,0.0,0.0,0.0,0.0,0.0,0.0,0.0,28,1.33,96,68,70.8,10,4,7,3,14.3,0,1,100.0,27.1,0.27,0.1,141,297,47.5,848,86,28.2,31.7,146,39.7,37.7,145,8,5.5,12.0,0.57,14.0,a07f1a3d-9d14-4c8e-9bf9-d4bd6c4ed51a,2022-07-11 20:17:29.553799+00:00
e6de93c1-af9f-4efc-ac6a-e23c6be5b6ee,0d55d942,Alexander Schwolow,2021-2022,GER,GK,Hertha BSC,Bundesliga,1992,25,25,2175,24.2,0,0,0,0,0,1,0,0.0,0.0,0.0,0.0,0.0,0.0,0.0,0.0,0.0,0.0,0.0,0.0,0.0,51,2.11,120,73,61.7,7,5,13,4,16.0,5,0,0.0,48.0,0.37,-3.0,164,386,42.5,629,129,39.4,36.2,204,67.6,50.8,258,12,4.7,14.0,0.58,13.3,a07f1a3d-9d14-4c8e-9bf9-d4bd6c4ed51a,2022-07-11 20:17:29.564781+00:00
9a331711-49ac-4086-b8c8-20730735515b,834b5c4c,Matz Sels,2021-2022,BEL,GK,Strasbourg,Ligue 1,1992,37,37,3330,37.0,0,0,0,0,0,1,0,0.0,0.0,0.0,0.0,0.1,0.1,0.0,0.1,0.0,0.0,0.0,0.0,0.0,43,1.16,125,86,68.8,16,12,9,13,35.1,4,0,0.0,39.6,0.3,-2.4,192,441,43.5,718,139,44.7,37.7,236,50.8,43.1,280,22,7.9,23.0,0.62,14.4,a07f1a3d-9d14-4c8e-9bf9-d4bd6c4ed51a,2022-07-11 20:17:29.575465+00:00
c38bf9a1-1388-4732-972c-9c19b1deee98,f02dde20,Adrian Semper,2021-2022,CRO,GK,Genoa,Serie A,1998,1,1,90,1.0,0,0,0,0,0,0,0,0.0,0.0,0.0,0.0,0.0,0.0,0.0,0.0,0.0,0.0,0.0,0.0,0.0,1,1.0,3,2,66.7,0,0,1,0,0.0,0,0,0.0,0.8,0.27,-0.2,10,24,41.7,30,3,60.0,42.3,7,85.7,54.6,6,0,0.0,0.0,0.0,12.1,a07f1a3d-9d14-4c8e-9bf9-d4bd6c4ed51a,2022-07-11 20:17:29.586302+00:00
4d48ce52-4cec-43db-af0c-6d3b29857aa1,343f753a,Luigi Sepe,2021-2022,ITA,GK,Salernitana,Serie A,1991,16,16,1392,15.5,0,0,0,0,0,2,0,0.0,0.0,0.0,0.0,0.0,0.0,0.0,0.0,0.0,0.0,0.0,0.0,0.0,24,1.55,75,54,72.0,4,8,4,1,6.3,3,0,0.0,23.3,0.28,-0.7,169,342,49.4,438,43,59.8,46.3,127,63.0,48.2,149,5,3.4,9.0,0.58,14.0,a07f1a3d-9d14-4c8e-9bf9-d4bd6c4ed51a,2022-07-11 20:17:29.597058+00:00
03e2ba17-fc11-46fa-9937-8be012551d7a,ea83bfa6,Rui Silva,2021-2022,POR,GK,Betis,La Liga,1994,22,21,1964,21.8,0,0,0,0,0,2,0,0.0,0.0,0.0,0.0,0.0,0.0,0.0,0.0,0.0,0.0,0.0,0.0,0.0,21,0.96,72,52,73.6,11,4,6,8,38.1,2,0,0.0,22.0,0.28,1.0,130,323,40.2,548,92,41.6,37.0,176,54.0,44.6,207,11,5.3,20.0,0.92,14.1,a07f1a3d-9d14-4c8e-9bf9-d4bd6c4ed51a,2022-07-11 20:17:29.607942+00:00
e178415b-e7ab-4403-9696-41fb9248103c,0d422df7,Marco Silvestri,2021-2022,ITA,GK,Udinese,Serie A,1991,35,35,3150,35.0,0,0,0,0,0,1,0,0.0,0.0,0.0,0.0,0.0,0.0,0.1,0.1,0.0,0.0,0.0,0.0,0.0,50,1.43,133,88,66.2,10,14,11,7,20.0,5,0,0.0,44.6,0.3,-4.4,185,485,38.1,696,101,51.4,41.0,250,50.8,41.1,254,13,5.1,5.0,0.14,11.8,a07f1a3d-9d14-4c8e-9bf9-d4bd6c4ed51a,2022-07-11 20:17:29.618870+00:00
0b15960d-298d-452a-973a-89c687f38565,5dcf3e90,Unai Simon,2021-2022,ESP,GK,Athletic Club,La Liga,1997,34,34,3060,34.0,0,0,0,0,0,3,0,0.0,0.0,0.0,0.0,0.0,0.0,0.0,0.0,0.0,0.0,0.0,0.0,0.0,31,0.91,106,74,73.6,13,11,10,12,35.3,3,0,0.0,29.9,0.26,-0.1,179,416,43.0,691,181,42.3,37.4,242,51.2,44.0,372,23,6.2,23.0,0.68,15.2,a07f1a3d-9d14-4c8e-9bf9-d4bd6c4ed51a,2022-07-11 20:17:29.630170+00:00
225484af-9832-4301-9aeb-c4cc6f39886e,0d8a37c2,Tobias Sippel,2021-2022,GER,GK,M'Gladbach,Bundesliga,1988,1,1,90,1.0,0,0,0,0,0,0,0,0.0,0.0,0.0,0.0,0.0,0.0,0.0,0.0,0.0,0.0,0.0,0.0,0.0,1,1.0,3,2,66.7,0,1,0,0,0.0,0,0,0.0,0.1,0.04,-0.9,8,15,53.3,42,4,28.6,33.5,5,60.0,56.2,12,0,0.0,0.0,0.0,14.4,a07f1a3d-9d14-4c8e-9bf9-d4bd6c4ed51a,2022-07-11 20:17:29.642532+00:00
4f767f81-aab3-4fe9-948d-631ac833f03f,10dc46f0,Salvatore Sirigu,2021-2022,ITA,GK,Genoa,Serie A,1987,37,37,3330,37.0,0,0,0,0,0,0,0,0.0,0.0,0.0,0.0,0.0,0.0,0.0,0.0,0.0,0.0,0.0,0.0,0.0,59,1.59,175,119,68.6,4,16,17,10,27.0,4,1,20.0,52.3,0.29,-4.7,291,678,42.9,935,101,52.9,40.8,269,68.0,46.9,302,13,4.3,12.0,0.32,12.5,a07f1a3d-9d14-4c8e-9bf9-d4bd6c4ed51a,2022-07-11 20:17:29.653771+00:00
59ae6a3d-6746-49a9-863c-2ccdc59c9c9c,9970da54,Antonio Sivera,2021-2022,ESP,GK,Alavés,La Liga,1996,4,3,277,3.1,0,0,0,0,0,1,0,0.0,0.0,0.0,0.0,0.0,0.0,0.0,0.0,0.0,0.0,0.0,0.0,0.0,4,1.3,15,12,80.0,0,1,2,1,33.3,1,0,0.0,4.6,0.24,0.6,32,75,42.7,66,7,69.7,50.2,40,72.5,56.3,43,6,14.0,2.0,0.65,12.5,a07f1a3d-9d14-4c8e-9bf9-d4bd6c4ed51a,2022-07-11 20:17:29.665124+00:00
37086885-51ce-4eed-bc14-36c1fa560efb,ab4449d6,Lukasz Skorupski,2021-2022,POL,GK,Bologna,Serie A,1991,36,36,3240,36.0,0,0,0,0,0,4,0,0.0,0.0,0.0,0.0,0.0,0.0,0.0,0.0,0.0,0.0,0.0,0.0,0.0,53,1.47,166,123,72.9,11,9,16,12,33.3,8,1,11.1,52.5,0.28,1.5,240,529,45.4,972,160,45.2,37.9,287,31.4,29.1,354,21,5.9,6.0,0.17,11.2,a07f1a3d-9d14-4c8e-9bf9-d4bd6c4ed51a,2022-07-11 20:17:29.676553+00:00
38f3afeb-505e-41ee-9bb0-a19e67641c41,420c18a1,Yann Sommer,2021-2022,SUI,GK,M'Gladbach,Bundesliga,1988,33,33,2970,33.0,0,1,0,0,0,2,0,0.0,0.03,0.03,0.03,0.0,0.0,0.3,0.3,0.0,0.01,0.01,0.0,0.01,60,1.82,175,116,67.4,12,8,13,5,15.2,3,2,40.0,64.0,0.34,5.0,227,561,40.5,1235,159,36.8,34.8,224,47.3,40.9,251,16,6.4,36.0,1.09,15.6,a07f1a3d-9d14-4c8e-9bf9-d4bd6c4ed51a,2022-07-11 20:17:29.687065+00:00
afe5fb08-aa5e-41ff-87d1-0ba74fb91943,8f8c6934,David Soria,2021-2022,ESP,GK,Getafe,La Liga,1993,38,38,3414,37.9,0,0,0,0,0,4,0,0.0,0.0,0.0,0.0,0.0,0.0,0.0,0.0,0.0,0.0,0.0,0.0,0.0,41,1.08,130,89,70.0,8,15,15,14,36.8,2,1,33.3,37.8,0.27,-2.2,386,915,42.2,889,98,75.5,52.9,291,83.8,58.5,363,42,11.6,30.0,0.79,14.4,a07f1a3d-9d14-4c8e-9bf9-d4bd6c4ed51a,2022-07-11 20:17:29.697896+00:00
f1c0c788-ce12-4fd1-90a3-65af49de89fc,ac4003af,Marco Sportiello,2021-2022,ITA,GK,Atalanta,Serie A,1992,5,5,450,5.0,0,0,0,0,0,1,0,0.0,0.0,0.0,0.0,0.0,0.0,0.0,0.0,0.0,0.0,0.0,0.0,0.0,5,1.0,16,12,81.3,0,3,2,2,40.0,2,0,0.0,5.3,0.22,0.3,18,45,40.0,104,28,23.1,28.7,28,75.0,52.5,24,2,8.3,5.0,1.0,12.2,a07f1a3d-9d14-4c8e-9bf9-d4bd6c4ed51a,2022-07-11 20:17:29.709058+00:00
811c23c7-c963-4524-8a8e-a39e492bb405,28300a16,Jason Steele,2021-2022,ENG,GK,Brighton,Premier League,1990,1,1,90,1.0,0,0,0,0,0,0,0,0.0,0.0,0.0,0.0,0.0,0.0,0.0,0.0,0.0,0.0,0.0,0.0,0.0,2,2.0,5,3,60.0,0,0,1,0,0.0,0,0,0.0,1.2,0.25,-0.8,3,7,42.9,32,2,12.5,26.2,6,50.0,43.8,11,1,9.1,0.0,0.0,13.0,a07f1a3d-9d14-4c8e-9bf9-d4bd6c4ed51a,2022-07-11 20:17:29.719692+00:00
76da7001-ae2b-44cb-a4ff-784371b5c5f3,a8a3d139,Jed Steer,2021-2022,ENG,GK,Aston Villa,Premier League,1992,1,1,90,1.0,0,0,0,0,0,0,0,0.0,0.0,0.0,0.0,0.0,0.0,0.0,0.0,0.0,0.0,0.0,0.0,0.0,3,3.0,4,1,25.0,0,0,1,0,0.0,0,0,0.0,1.8,0.45,-1.2,5,13,38.5,30,6,30.0,34.4,6,66.7,53.8,8,1,12.5,1.0,1.0,14.3,a07f1a3d-9d14-4c8e-9bf9-d4bd6c4ed51a,2022-07-11 20:17:29.730973+00:00
b923d26c-11a7-4c61-aadb-c70f21b52e0b,42130443,Zack Steffen,2021-2022,USA,GK,Manchester City,Premier League,1995,1,1,90,1.0,0,0,0,0,0,0,0,0.0,0.0,0.0,0.0,0.0,0.0,0.0,0.0,0.0,0.0,0.0,0.0,0.0,0,0.0,2,2,100.0,1,0,0,1,100.0,0,0,0.0,0.3,0.16,0.3,4,9,44.4,31,6,22.6,26.0,7,28.6,25.3,7,0,0.0,2.0,2.0,17.5,a07f1a3d-9d14-4c8e-9bf9-d4bd6c4ed51a,2022-07-11 20:17:29.743388+00:00
3afb622f-f7a5-4680-8939-acab88f5c0c4,339fe0e8,Thomas Strakosha,2021-2022,ALB,GK,Lazio,Serie A,1995,23,23,2070,23.0,0,0,0,0,0,2,0,0.0,0.0,0.0,0.0,0.0,0.0,0.1,0.1,0.0,0.0,0.0,0.0,0.0,29,1.26,87,58,67.8,12,6,5,7,30.4,1,0,0.0,27.1,0.3,-0.9,108,213,50.7,610,89,30.2,30.9,121,24.0,25.5,182,9,4.9,7.0,0.3,15.0,a07f1a3d-9d14-4c8e-9bf9-d4bd6c4ed51a,2022-07-11 20:17:29.754614+00:00
a147f706-79d5-4be7-8435-66fa6952b02d,01b8a2b2,Wojciech Szczesny,2021-2022,POL,GK,Juventus,Serie A,1990,33,33,2970,33.0,0,0,0,0,0,2,0,0.0,0.0,0.0,0.0,0.0,0.0,0.1,0.1,0.0,0.0,0.0,0.0,0.0,29,0.88,101,75,74.3,18,9,6,12,36.4,3,3,50.0,32.1,0.28,3.1,170,342,49.7,838,149,33.4,34.0,177,35.0,33.3,315,21,6.7,14.0,0.42,13.0,a07f1a3d-9d14-4c8e-9bf9-d4bd6c4ed51a,2022-07-11 20:17:29.766889+00:00
a5ca68da-2857-473d-adf9-dff7ab7a9f53,b056e3da,Ciprian Tatarusanu,2021-2022,ROU,GK,Milan,Serie A,1986,6,6,540,6.0,0,0,0,0,0,0,0,0.0,0.0,0.0,0.0,0.0,0.0,0.0,0.0,0.0,0.0,0.0,0.0,0.0,10,1.67,21,14,61.9,4,1,1,1,16.7,2,1,33.3,9.0,0.3,0.0,37,79,46.8,168,12,39.3,36.8,38,34.2,37.6,49,2,4.1,4.0,0.67,13.0,a07f1a3d-9d14-4c8e-9bf9-d4bd6c4ed51a,2022-07-11 20:17:29.777846+00:00
10bae752-4915-44a4-9d9c-bf16f4778614,6f51e382,Marc-Andre ter Stegen,2021-2022,GER,GK,Barcelona,La Liga,1992,35,35,3150,35.0,0,0,0,0,0,3,0,0.0,0.0,0.0,0.0,0.0,0.0,0.1,0.1,0.0,0.0,0.0,0.0,0.0,34,0.97,110,78,70.9,19,9,7,11,31.4,2,1,33.3,33.6,0.29,-0.4,211,355,59.4,1076,148,25.9,29.8,204,37.3,34.8,216,14,6.5,10.0,0.29,13.2,a07f1a3d-9d14-4c8e-9bf9-d4bd6c4ed51a,2022-07-11 20:17:29.788946+00:00
d64a7b32-a997-47cf-ac51-d67828070ec7,e1b0a70d,Pietro Terracciano,2021-2022,ITA,GK,Fiorentina,Serie A,1990,32,31,2862,31.8,0,0,0,0,0,0,0,0.0,0.0,0.0,0.0,0.0,0.0,0.0,0.0,0.0,0.0,0.0,0.0,0.0,43,1.35,95,56,56.8,16,5,10,9,29.0,2,1,33.3,35.4,0.35,-5.6,279,557,50.1,1353,137,36.1,35.6,170,40.0,35.8,187,18,9.6,28.0,0.88,15.7,a07f1a3d-9d14-4c8e-9bf9-d4bd6c4ed51a,2022-07-11 20:17:29.799765+00:00
e714c1a4-d432-499f-8b65-6a5de5a6f909,ce17b5eb,Kevin Trapp,2021-2022,GER,GK,Eint Frankfurt,Bundesliga,1990,32,32,2880,32.0,0,0,0,0,0,2,0,0.0,0.0,0.0,0.0,0.0,0.0,0.0,0.0,0.0,0.0,0.0,0.0,0.0,46,1.44,155,112,72.9,10,11,11,5,15.6,4,0,0.0,46.3,0.28,1.3,194,610,31.8,997,142,47.9,38.1,249,53.0,44.9,265,11,4.2,32.0,1.0,15.6,a07f1a3d-9d14-4c8e-9bf9-d4bd6c4ed51a,2022-07-11 20:17:29.810425+00:00
23002e95-52ed-4d64-b06c-898984c2bf18,73e2f6eb,Philipp Tschauner,2021-2022,GER,GK,RB Leipzig,Bundesliga,1985,1,0,3,0.0,0,0,0,0,0,0,0,0.0,0.0,0.0,0.0,0.0,0.0,0.0,0.0,0.0,0.0,0.0,0.0,0.0,0,0.0,0,0,0.0,0,0,0,1,0.0,0,0,0.0,0.0,0.0,0.0,0,2,0.0,5,0,40.0,40.2,0,0.0,0.0,0,0,0.0,0.0,0.0,0.0,a07f1a3d-9d14-4c8e-9bf9-d4bd6c4ed51a,2022-07-11 20:17:29.821223+00:00
1b44a7a4-8643-455f-89c5-f517f3e57b20,7d3e7da6,Sven Ulreich,2021-2022,GER,GK,Bayern Munich,Bundesliga,1988,6,6,540,6.0,0,0,0,0,0,0,0,0.0,0.0,0.0,0.0,0.0,0.0,0.0,0.0,0.0,0.0,0.0,0.0,0.0,11,1.83,23,14,56.5,2,1,3,1,16.7,1,0,0.0,9.4,0.37,-0.6,24,54,44.4,198,31,24.7,27.7,38,13.2,21.7,39,5,12.8,8.0,1.33,19.4,a07f1a3d-9d14-4c8e-9bf9-d4bd6c4ed51a,2022-07-11 20:17:29.831997+00:00
ae5819f0-b1a7-4492-a272-f66d8d36bc40,a9a6fc08,Benjamin Uphoff,2021-2022,GER,GK,Freiburg,Bundesliga,1993,2,2,180,2.0,0,0,0,0,0,0,0,0.0,0.0,0.0,0.0,0.0,0.0,0.0,0.0,0.0,0.0,0.0,0.0,0.0,7,3.5,12,5,41.7,0,1,1,0,0.0,0,0,0.0,2.9,0.24,-4.1,26,53,49.1,70,14,47.1,38.2,20,100.0,65.1,14,1,7.1,2.0,1.0,13.1,a07f1a3d-9d14-4c8e-9bf9-d4bd6c4ed51a,2022-07-11 20:17:29.845006+00:00
e8beaea8-9b6d-4fc9-82fa-57dbb4969545,77d6fd4d,Guglielmo Vicario,2021-2022,ITA,GK,Empoli,Serie A,1996,38,38,3420,38.0,0,0,0,0,0,1,0,0.0,0.0,0.0,0.0,0.0,0.0,0.0,0.0,0.0,0.0,0.0,0.0,0.0,70,1.84,209,146,68.9,10,11,17,7,18.4,5,2,28.6,67.5,0.3,3.5,166,435,38.2,1066,211,29.8,32.2,257,45.5,39.6,405,35,8.6,20.0,0.53,13.5,a07f1a3d-9d14-4c8e-9bf9-d4bd6c4ed51a,2022-07-11 20:17:29.857165+00:00
78e76749-b3b6-4a39-9315-efbadf3f57b7,d3ce0e89,Danny Ward,2021-2022,WAL,GK,Leicester City,Premier League,1993,1,1,90,1.0,0,0,0,0,0,0,0,0.0,0.0,0.0,0.0,0.0,0.0,0.0,0.0,0.0,0.0,0.0,0.0,0.0,1,1.0,5,4,80.0,1,0,0,0,0.0,0,0,0.0,1.3,0.26,0.3,3,7,42.9,27,8,22.2,30.2,7,14.3,27.0,11,3,27.3,0.0,0.0,14.7,a07f1a3d-9d14-4c8e-9bf9-d4bd6c4ed51a,2022-07-11 20:17:29.869348+00:00
31c33241-47c9-46df-a962-57b82c45f12c,19e50035,Freddie Woodman,2021-2022,ENG,GK,Newcastle Utd,Premier League,1997,4,4,360,4.0,0,0,0,0,0,0,0,0.0,0.0,0.0,0.0,0.0,0.0,0.0,0.0,0.0,0.0,0.0,0.0,0.0,12,3.0,19,9,47.4,0,1,3,0,0.0,2,1,33.3,8.7,0.35,-3.3,22,71,31.0,80,11,53.8,43.3,43,65.1,52.0,33,2,6.1,0.0,0.0,11.6,a07f1a3d-9d14-4c8e-9bf9-d4bd6c4ed51a,2022-07-11 20:17:29.880396+00:00
fb178641-53ff-45db-8890-a8aefbf07fde,5c4bf6ba,Robin Zentner,2021-2022,GER,GK,Mainz 05,Bundesliga,1994,32,32,2880,32.0,0,0,0,0,0,1,0,0.0,0.0,0.0,0.0,0.0,0.0,0.0,0.0,0.0,0.0,0.0,0.0,0.0,42,1.31,115,78,67.0,12,6,14,10,31.3,4,1,20.0,39.4,0.31,-1.6,147,431,34.1,762,166,41.3,38.1,235,49.4,43.3,252,23,9.1,48.0,1.5,17.2,a07f1a3d-9d14-4c8e-9bf9-d4bd6c4ed51a,2022-07-11 20:17:29.891159+00:00
0021cd24-e4a9-4cfd-83dd-4563415344b2,c818c4d9,Luca Zidane,2021-2022,FRA,GK,Rayo Vallecano,La Liga,1998,8,8,645,7.2,0,0,0,0,0,0,1,0.0,0.0,0.0,0.0,0.0,0.0,0.0,0.0,0.0,0.0,0.0,0.0,0.0,13,1.81,37,24,64.9,0,1,7,0,0.0,0,0,0.0,12.0,0.32,-1.0,54,113,47.8,178,41,43.3,38.0,53,67.9,53.4,54,4,7.4,4.0,0.56,12.6,a07f1a3d-9d14-4c8e-9bf9-d4bd6c4ed51a,2022-07-11 20:17:29.901903+00:00
bbf3bd20-b5d6-4453-8268-1a4d92faaab6,cc1a0c57,Jeroen Zoet,2021-2022,NED,GK,Spezia,Serie A,1991,7,7,630,7.0,0,0,0,0,0,0,0,0.0,0.0,0.0,0.0,0.0,0.0,0.0,0.0,0.0,0.0,0.0,0.0,0.0,19,2.71,40,22,55.0,1,1,5,0,0.0,1,1,50.0,17.5,0.39,-1.5,29,81,35.8,181,41,32.0,33.9,54,42.6,39.4,52,3,5.8,5.0,0.71,13.7,a07f1a3d-9d14-4c8e-9bf9-d4bd6c4ed51a,2022-07-11 20:17:29.912832+00:00
212c1c40-5451-44c5-9c84-b5197612ce2a,54f6afe3,Petar Zovko,2021-2022,BIH,GK,Spezia,Serie A,2002,1,0,29,0.3,0,0,0,0,0,1,0,0.0,0.0,0.0,0.0,0.0,0.0,0.0,0.0,0.0,0.0,0.0,0.0,0.0,0,0.0,0,0,0.0,0,0,0,0,0.0,0,0,0.0,0.0,0.0,0.0,1,4,25.0,7,3,42.9,39.9,3,33.3,31.3,2,0,0.0,1.0,3.1,21.8,a07f1a3d-9d14-4c8e-9bf9-d4bd6c4ed51a,2022-07-11 20:17:29.923463+00:00
